{"stats":{"minecraft:picked_up":{"minecraft:crafting_table":3,"minecraft:chicken":2,"minecraft:black_carpet":1,"minecraft:prismarine_shard":2,"minecraft:golden_pickaxe":1,"minecraft:wooden_pickaxe":1,"biomesoplenty:jacaranda_sapling":1,"minecraft:enchanted_book":3,"iter_rpg:gist":1,"minecraft:string":5,"iter_rpg:unidentified_spell":1,"minecraft:raw_copper":6,"minecraft:flint_and_steel":2,"minecraft:gold_nugget":1,"minecraft:cobbled_deepslate":126,"tombstone:scroll_of_unstable_intangibility":1,"minecraft:beef":1,"minecraft:iron_nugget":16,"minecraft:light_gray_wool":1,"endrem:wither_eye":2,"minecraft:spruce_slab":1,"minecraft:coal_block":2,"minecraft:chest":1,"minecraft:iron_boots":1,"minecraft:furnace":2,"minecraft:tipped_arrow":2,"minecraft:dark_oak_sapling":1,"minecraft:stripped_crimson_hyphae":1,"minecraft:raw_iron":6,"minecraft:spruce_stairs":1,"epicfight:skillbook":10,"minecraft:porkchop":13,"iceandfire:rotten_egg":1,"tombstone:grave_dust":3,"minecraft:carrot":3,"minecraft:golden_chestplate":1,"minecraft:quartz_block":1,"minecraft:arrow":41,"minecraft:rotten_flesh":31,"biomesoplenty:jacaranda_log":4,"minecraft:nether_bricks":16,"minecraft:diamond_boots":1,"crittersandcompanions:silk":5,"minecraft:totem_of_undying":1,"minecraft:obsidian":4,"minecraft:mutton":23,"minecraft:iron_bars":9,"forbidden_arcanus:spawner_scrap":8,"minecraft:white_wool":7,"minecraft:cobblestone":180,"minecraft:feather":3,"minecraft:air":0,"minecraft:cooked_beef":3,"minecraft:glow_ink_sac":3,"minecraft:andesite":11,"minecraft:leather":3,"minecraft:acacia_wood":6,"minecraft:flint":4,"minecraft:golden_boots":2,"minecraft:nether_wart_block":2,"minecraft:dirt":20,"tombstone:gift":1,"spartanweaponry:iron_rapier":1,"minecraft:leather_boots":2,"minecraft:bone":47,"minecraft:wheat_seeds":2,"iter_rpg:elemental_fragment":4,"minecraft:raw_gold":10,"forbidden_arcanus:darkstone":11,"minecraft:oak_planks":1,"minecraft:oak_slab":1,"epicfight:stone_greatsword":1,"minecraft:chiseled_stone_bricks":1,"iceandfire:ash":2,"minecraft:gravel":1,"iceandfire:shiny_scales":3,"minecraft:nether_brick_stairs":6,"minecraft:dark_oak_log":4,"alexsmobs:animal_dictionary":1,"minecraft:mossy_cobblestone":1,"minecraft:bundle":1,"minecraft:diamond":4,"butcher:butchersguidebook":1,"minecraft:granite":6,"minecraft:emerald":1,"swampier_swamps:frog_leg":6,"tombstone:magic_scroll":1,"minecraft:oak_sapling":1,"minecraft:black_wool":1,"minecraft:coal":50},"minecraft:killed":{"minecraft:evoker":1,"minecraft:zombified_piglin":1,"minecraft:spider":4,"minecraft:skeleton":30,"iceandfire:siren":2,"minecraft:chicken":2,"minecraft:silverfish":3,"grimoireofgaia:dullahan":1,"minecraft:husk":7,"minecraft:pig":5,"minecraft:frog":4,"grimoireofgaia:oni":1,"minecraft:sheep":9,"minecraft:zombie":13,"minecraft:stray":8,"minecraft:wither_skeleton":1,"minecraft:cow":2},"minecraft:crafted":{"minecraft:furnace":2,"minecraft:cooked_mutton":13,"minecraft:iron_boots":1,"minecraft:stone_pickaxe":1,"minecraft:dark_oak_planks":16,"minecraft:cooked_beef":6,"minecraft:crafting_table":1,"minecraft:stone_axe":1,"minecraft:air":0,"minecraft:iron_chestplate":1,"minecraft:diamond_pickaxe":1,"minecraft:golden_apple":8,"minecraft:stick":12,"minecraft:iron_pickaxe":1,"minecraft:stone_sword":1,"minecraft:iron_leggings":2},"minecraft:broken":{"minecraft:golden_boots":1,"minecraft:iron_leggings":1,"minecraft:iron_pickaxe":1,"minecraft:iron_helmet":1},"minecraft:mined":{"minecraft:tuff":13,"minecraft:mossy_cobblestone":1,"minecraft:dark_oak_leaves":1,"minecraft:deepslate_diamond_ore":4,"minecraft:dark_oak_log":4,"minecraft:granite":4,"minecraft:glow_lichen":1,"gravestone:gravestone":5,"minecraft:nether_bricks":3,"minecraft:stripped_crimson_hyphae":1,"minecraft:grass_block":8,"iceandfire:dread_spawner":1,"minecraft:chiseled_stone_bricks":1,"minecraft:spawner":14,"minecraft:furnace":2,"minecraft:iron_ore":6,"minecraft:andesite":13,"minecraft:black_carpet":1,"biomesoplenty:high_grass":1,"minecraft:iron_bars":4,"crittersandcompanions:silk_cocoon":1,"minecraft:stone":171,"iceandfire:dread_stone_bricks_cracked":1,"minecraft:oak_slab":1,"minecraft:crafting_table":3,"minecraft:copper_ore":2,"minecraft:deepslate_gold_ore":15,"minecraft:oak_planks":2,"minecraft:diorite":7,"forbidden_arcanus:darkstone":26,"minecraft:sweet_berry_bush":1,"minecraft:birch_leaves":1,"minecraft:grass":2,"iceandfire:dread_stone_bricks_mossy":1,"minecraft:coal_ore":27,"minecraft:gravel":10,"minecraft:dirt":14,"minecraft:polished_andesite":1,"minecraft:oak_leaves":10,"iceandfire:dread_stone_bricks":8,"minecraft:deepslate":321},"minecraft:custom":{"minecraft:interact_with_smithing_table":1,"minecraft:mob_kills":97,"minecraft:interact_with_crafting_table":10,"minecraft:open_barrel":34,"minecraft:damage_dealt_resisted":2844,"minecraft:eat_cake_slice":2,"minecraft:leave_game":5,"minecraft:time_since_death":4963,"minecraft:climb_one_cm":3701,"minecraft:sprint_one_cm":1210348,"minecraft:walk_one_cm":986918,"minecraft:damage_blocked_by_shield":145,"minecraft:drop":94,"minecraft:damage_dealt_absorbed":514,"minecraft:play_time":198877,"minecraft:deaths":25,"minecraft:sneak_time":5371,"minecraft:walk_under_water_one_cm":42508,"minecraft:interact_with_lectern":2,"minecraft:jump":3505,"minecraft:interact_with_blast_furnace":5,"minecraft:walk_on_water_one_cm":53196,"minecraft:total_world_time":198877,"minecraft:interact_with_furnace":15,"tombstone:raider_killed":1,"minecraft:interact_with_loom":1,"minecraft:time_since_rest":4283,"minecraft:damage_taken":10970,"minecraft:damage_absorbed":22,"tombstone:sneak_grave":1,"minecraft:damage_dealt":19356,"tombstone:cast_on_ally":1,"minecraft:player_kills":1,"minecraft:swim_one_cm":151547,"minecraft:fly_one_cm":1010294,"minecraft:open_chest":114,"minecraft:crouch_one_cm":42799,"tombstone:undead_killed":60,"minecraft:fall_one_cm":98811},"minecraft:killed_by":{"minecraft:husk":2,"minecraft:evoker":1,"minecraft:wither_skeleton":1,"iceandfire:siren":1,"grimoireofgaia:toad":1,"grimoireofgaia:matango":1,"minecraft:vindicator":1,"minecraft:warden":2,"grimoireofgaia:bone_knight":1,"minecraft:skeleton":6,"minecraft:zombie":2,"grimoireofgaia:mimic":2,"iceandfire:fire_dragon":1},"minecraft:dropped":{"minecraft:nether_brick_stairs":6,"minecraft:enchanted_book":1,"minecraft:golden_boots":2,"minecraft:iron_sword":1,"minecraft:acacia_wood":1,"minecraft:oak_slab":1,"minecraft:wheat_seeds":2,"minecraft:glow_ink_sac":4,"iter_rpg:gist":1,"minecraft:mossy_cobblestone":1,"minecraft:dark_oak_sapling":1,"minecraft:prismarine_shard":2,"minecraft:feather":2,"minecraft:cobblestone":13,"minecraft:leather":2,"minecraft:granite":6,"minecraft:coal":35,"minecraft:coal_block":2,"minecraft:stick":3,"minecraft:golden_carrot":1,"minecraft:mutton":9,"minecraft:dark_oak_wood":2,"minecraft:nether_wart_block":2,"swampier_swamps:frog_leg":5,"forbidden_arcanus:spawner_scrap":6,"tombstone:grave_dust":3,"forbidden_arcanus:darkstone":2,"iceandfire:ash":5,"minecraft:dark_oak_planks":6,"minecraft:white_wool":1,"minecraft:gold_ingot":7,"minecraft:bone":30,"minecraft:iron_nugget":2,"minecraft:golden_chestplate":2,"minecraft:cobbled_deepslate":21,"minecraft:stone_sword":1,"alexsmobs:animal_dictionary":2,"minecraft:raw_copper":6,"minecraft:black_carpet":1,"minecraft:obsidian":1,"minecraft:raw_iron":1,"minecraft:rotten_flesh":17,"minecraft:light_gray_wool":1,"minecraft:oak_planks":1,"minecraft:iron_boots":1,"minecraft:golden_shovel":1,"minecraft:nether_bricks":13,"minecraft:carrot":3,"crittersandcompanions:silk":5,"minecraft:flint_and_steel":1,"butcher:butchersguidebook":2,"minecraft:tipped_arrow":2,"iceandfire:rotten_egg":1,"minecraft:iron_chestplate":1,"minecraft:andesite":8,"minecraft:oak_sapling":1,"minecraft:ladder":3,"minecraft:spruce_slab":1,"minecraft:iron_bars":7,"minecraft:stripped_crimson_hyphae":1,"minecraft:arrow":12,"minecraft:beef":1,"minecraft:wooden_pickaxe":1,"spartanweaponry:iron_rapier":1,"epicfight:skillbook":1},"minecraft:used":{"tombstone:scroll_of_unstable_intangibility":1,"minecraft:stone_sword":67,"minecraft:iron_bars":2,"minecraft:chest":1,"minecraft:shield":7,"minecraft:iron_sword":208,"minecraft:dirt":20,"minecraft:nether_bricks":2,"spartanweaponry:iron_rapier":116,"biomesoplenty:jacaranda_log":4,"minecraft:golden_carrot":10,"endrem:wither_eye":2,"minecraft:furnace":2,"tombstone:gift":10,"minecraft:acacia_wood":4,"minecraft:cooked_beef":12,"minecraft:cobbled_deepslate":105,"minecraft:cooked_mutton":13,"minecraft:water_bucket":8,"epicfight:skillbook":5,"minecraft:stone_pickaxe":73,"minecraft:wooden_pickaxe":26,"minecraft:crafting_table":4,"spartanweaponry:iron_battleaxe":3,"minecraft:diamond_pickaxe":310,"minecraft:black_wool":1,"minecraft:apple":9,"forbidden_arcanus:darkstone":9,"minecraft:iron_pickaxe":249,"minecraft:bread":48,"tombstone:grave_key":15,"minecraft:gravel":1,"minecraft:stone_axe":10,"minecraft:diamond_sword":38,"minecraft:cobblestone":76,"minecraft:andesite":3,"minecraft:bucket":8,"alexsmobs:animal_dictionary":1}},"DataVersion":3465}