{"stats":{"minecraft:picked_up":{"minecraft:crafting_table":1,"minecraft:raw_iron":1,"minecraft:cooked_beef":3,"minecraft:wooden_pickaxe":1,"minecraft:gravel":1,"minecraft:porkchop":3,"minecraft:string":4,"minecraft:mossy_cobblestone":1,"minecraft:dirt":6,"minecraft:dark_oak_log":4,"alexsmobs:animal_dictionary":1,"minecraft:raw_copper":6,"butcher:butchersguidebook":1,"forbidden_arcanus:spawner_scrap":3,"minecraft:coal":22,"minecraft:cobblestone":49},"minecraft:killed_by":{"grimoireofgaia:bone_knight":1,"grimoireofgaia:toad":1,"minecraft:skeleton":1},"minecraft:dropped":{"butcher:butchersguidebook":2,"alexsmobs:animal_dictionary":2,"minecraft:wooden_pickaxe":1},"minecraft:killed":{"minecraft:pig":1,"minecraft:spider":3},"minecraft:mined":{"minecraft:mossy_cobblestone":1,"minecraft:iron_ore":1,"minecraft:dark_oak_log":4,"minecraft:crafting_table":1,"minecraft:grass":1,"biomesoplenty:high_grass":1,"minecraft:grass_block":4,"minecraft:coal_ore":22,"minecraft:dirt":2,"minecraft:gravel":1,"minecraft:copper_ore":2,"minecraft:stone":50,"minecraft:spawner":3},"minecraft:crafted":{"minecraft:crafting_table":1,"minecraft:stick":8,"minecraft:stone_pickaxe":1,"minecraft:stone_sword":1,"minecraft:dark_oak_planks":16,"minecraft:stone_axe":1},"minecraft:custom":{"minecraft:time_since_rest":788,"minecraft:sprint_one_cm":180471,"minecraft:damage_taken":1050,"minecraft:walk_one_cm":87541,"minecraft:mob_kills":5,"minecraft:drop":5,"minecraft:damage_dealt":987,"minecraft:swim_one_cm":21827,"minecraft:interact_with_crafting_table":1,"minecraft:fly_one_cm":198012,"minecraft:open_chest":9,"minecraft:crouch_one_cm":364,"minecraft:play_time":16217,"minecraft:deaths":3,"minecraft:sneak_time":83,"minecraft:walk_under_water_one_cm":901,"minecraft:jump":603,"minecraft:leave_game":1,"minecraft:time_since_death":1071,"minecraft:walk_on_water_one_cm":6600,"minecraft:total_world_time":16217,"minecraft:fall_one_cm":12582},"minecraft:used":{"minecraft:stone_sword":26,"minecraft:bread":1,"minecraft:stone_pickaxe":56,"minecraft:wooden_pickaxe":26,"minecraft:stone_axe":1,"minecraft:cobblestone":20,"minecraft:crafting_table":1,"alexsmobs:animal_dictionary":1,"minecraft:cooked_beef":3}},"DataVersion":3465}