{"stats":{"minecraft:picked_up":{"minecraft:crafting_table":1,"minecraft:birch_door":1,"minecraft:iron_chestplate":2,"minecraft:allium":1,"minecraft:chicken":5,"iceandfire:witherbone":1,"minecraft:oak_stairs":3,"minecraft:wither_rose":4,"minecraft:enchanted_book":2,"minecraft:stone_brick_stairs":5,"epicfight:stray_pants":1,"minecraft:iron_axe":1,"minecraft:red_nether_bricks":6,"minecraft:cracked_stone_bricks":10,"minecraft:gold_nugget":10,"minecraft:cobbled_deepslate":78,"minecraft:calcite":3,"endrem:wither_eye":1,"minecraft:enchanted_golden_apple":5,"minecraft:coal_block":1,"minecraft:smooth_quartz_stairs":1,"minecraft:iron_boots":1,"tombstone:scroll_of_lightning_resistance":1,"minecraft:stripped_mangrove_wood":8,"minecraft:torch":3,"epicfight:skillbook":7,"tombstone:grave_dust":8,"tombstone:scroll_of_purification":1,"minecraft:arrow":8,"minecraft:rotten_flesh":10,"minecraft:nether_bricks":23,"minecraft:deepslate_bricks":1,"minecraft:cracked_deepslate_bricks":1,"bloodandmadness:sanguisteel_nugget":1,"epicfight:stray_robe":1,"minecraft:obsidian":7,"minecraft:iron_bars":4,"forbidden_arcanus:spawner_scrap":10,"minecraft:white_wool":4,"minecraft:cobblestone":33,"minecraft:cooked_beef":3,"minecraft:feather":2,"minecraft:tuff":3,"minecraft:oak_log":5,"minecraft:nether_wart_block":2,"minecraft:gunpowder":2,"tombstone:voodoo_poppet":1,"minecraft:dirt":6,"minecraft:cooked_mutton":3,"minecraft:bone":13,"minecraft:red_nether_brick_stairs":1,"minecraft:stone_bricks":12,"minecraft:bow":2,"iter_rpg:elemental_fragment":8,"tombstone:bag_of_seeds":1,"minecraft:mossy_stone_bricks":11,"minecraft:soul_sand":2,"wom:diamond_legbottomseal":1,"forbidden_arcanus:darkstone":10,"minecraft:oak_planks":1,"minecraft:mossy_stone_brick_stairs":5,"minecraft:oak_slab":3,"epicfight:stone_greatsword":1,"minecraft:chiseled_stone_bricks":1,"iceandfire:ash":3,"minecraft:gravel":1,"minecraft:nether_brick_stairs":14,"minecraft:dark_oak_log":8,"alexsmobs:animal_dictionary":1,"minecraft:mossy_cobblestone":14,"tombstone:familiar_stone":1,"minecraft:granite":4,"minecraft:mossy_cobblestone_stairs":4,"minecraft:emerald":1,"minecraft:chainmail_helmet":1,"biomesoplenty:pink_daffodil":1,"tombstone:magic_scroll":1,"minecraft:netherrack":3,"minecraft:coal":39,"minecraft:nether_star":1},"minecraft:killed":{"bloodandmadness:church_doctor":1,"minecraft:vindicator":2,"minecraft:spider":1,"minecraft:wither":1,"minecraft:skeleton":5,"minecraft:chicken":5,"minecraft:illusioner":1,"minecraft:husk":3,"minecraft:pillager":6,"minecraft:zombie":7,"minecraft:stray":4,"apollyon:the_damned":1},"minecraft:broken":{"minecraft:iron_helmet":1},"minecraft:mined":{"minecraft:dark_oak_log":8,"minecraft:nether_bricks":1,"minecraft:grass_block":7,"minecraft:frosted_ice":1,"minecraft:spawner":7,"minecraft:fire":3,"minecraft:cobbled_deepslate":1,"biomesoplenty:lavender":1,"biomesoplenty:high_grass":3,"minecraft:iron_bars":2,"minecraft:stone":18,"iceandfire:dread_stone_bricks_cracked":1,"minecraft:spruce_slab":1,"minecraft:oak_slab":2,"minecraft:crafting_table":1,"biomesoplenty:high_grass_plant":18,"minecraft:wall_torch":1,"forbidden_arcanus:darkstone":1,"biomesoplenty:pink_daffodil":1,"minecraft:grass":25,"minecraft:oak_log":5,"minecraft:coal_ore":4,"minecraft:dirt":2,"iceandfire:dread_stone_bricks":1,"minecraft:deepslate":34,"minecraft:fern":1},"minecraft:crafted":{"minecraft:oak_planks":20,"minecraft:dark_oak_planks":32,"minecraft:crafting_table":1,"minecraft:wooden_pickaxe":1,"minecraft:stick":8,"minecraft:wooden_axe":1,"minecraft:torch":16},"minecraft:custom":{"minecraft:mob_kills":40,"minecraft:interact_with_crafting_table":1,"minecraft:open_barrel":5,"minecraft:leave_game":1,"minecraft:time_since_death":5231,"minecraft:climb_one_cm":7848,"minecraft:sprint_one_cm":502644,"minecraft:walk_one_cm":625100,"minecraft:drop":48,"minecraft:damage_dealt_absorbed":5,"minecraft:play_time":155098,"minecraft:deaths":11,"minecraft:sneak_time":13573,"minecraft:walk_under_water_one_cm":10595,"minecraft:jump":2138,"tombstone:kill_undead_boss":1,"minecraft:walk_on_water_one_cm":15637,"minecraft:total_world_time":155098,"minecraft:interact_with_furnace":2,"tombstone:raider_killed":9,"minecraft:time_since_rest":4907,"minecraft:damage_taken":7103,"minecraft:damage_dealt":15110,"tombstone:cast_on_ally":1,"minecraft:swim_one_cm":30769,"minecraft:fly_one_cm":1376135,"minecraft:open_chest":65,"minecraft:crouch_one_cm":119880,"tombstone:undead_killed":20,"minecraft:fall_one_cm":61161},"minecraft:killed_by":{"epicfight:wither_ghost":1,"minecraft:husk":1,"minecraft:player":1,"grimoireofgaia:matango":1,"minecraft:vindicator":1,"minecraft:warden":1,"minecraft:skeleton":1,"iceandfire:fire_dragon":2},"minecraft:dropped":{"minecraft:enchanted_book":1,"cataclysm:ignitium_leggings":1,"minecraft:cooked_beef":3,"spartanweaponry:iron_boomerang":1,"minecraft:nether_star":1,"minecraft:cobblestone":11,"minecraft:chainmail_helmet":1,"minecraft:coal":10,"minecraft:coal_block":1,"minecraft:torch":1,"minecraft:mutton":7,"forbidden_arcanus:spawner_scrap":1,"epicfight:stone_greatsword":1,"minecraft:iron_axe":1,"minecraft:chainmail_leggings":1,"minecraft:dark_oak_planks":15,"epicfight:stray_robe":1,"epicfight:stray_pants":1,"minecraft:bone":6,"minecraft:stone_axe":1,"alexsmobs:animal_dictionary":2,"spartanweaponry:iron_scythe":1,"iceandfire:witherbone":1,"tombstone:gift":1,"minecraft:rotten_flesh":6,"minecraft:enchanted_golden_apple":5,"minecraft:iron_boots":1,"spartanweaponry:iron_saber":1,"minecraft:carrot":3,"butcher:butchersguidebook":1,"cataclysm:ignitium_helmet":1,"cataclysm:ignitium_chestplate":1,"forbidden_arcanus:dark_nether_star":1,"minecraft:iron_chestplate":2,"wom:antitheus":1,"minecraft:arrow":5,"minecraft:bow":1,"cataclysm:ignitium_boots":1,"epicfight:skillbook":1},"minecraft:used":{"spartanweaponry:iron_parrying_dagger":69,"minecraft:iron_sword":179,"tombstone:scroll_of_purification":4,"minecraft:torch":6,"minecraft:dirt":6,"minecraft:nether_bricks":14,"minecraft:allium":1,"minecraft:tuff":3,"minecraft:nether_brick_stairs":6,"minecraft:wooden_axe":24,"minecraft:dark_oak_planks":7,"minecraft:oak_stairs":1,"minecraft:bow":2,"tombstone:gift":2,"minecraft:cooked_beef":50,"minecraft:cobbled_deepslate":32,"minecraft:cooked_mutton":3,"epicfight:skillbook":3,"minecraft:oak_planks":10,"minecraft:red_nether_bricks":4,"minecraft:wooden_pickaxe":25,"minecraft:oak_slab":3,"minecraft:crafting_table":2,"minecraft:chicken":5,"forbidden_arcanus:darkstone":10,"minecraft:iron_pickaxe":51,"tombstone:magic_scroll":1,"tombstone:grave_key":25,"iceandfire:ash":3,"minecraft:cobblestone":11}},"DataVersion":3465}