{"stats":{"minecraft:picked_up":{"minecraft:crafting_table":1,"minecraft:feather":2,"minecraft:chicken":5,"minecraft:oak_log":5,"alexsmobs:animal_dictionary":1,"minecraft:dark_oak_log":8,"minecraft:dirt":5,"biomesoplenty:pink_daffodil":1,"minecraft:coal":4,"minecraft:cobblestone":13},"minecraft:killed_by":{"minecraft:skeleton":1,"grimoireofgaia:matango":1},"minecraft:dropped":{"butcher:butchersguidebook":1,"alexsmobs:animal_dictionary":2,"minecraft:cobblestone":2,"spartanweaponry:iron_saber":1},"minecraft:killed":{"minecraft:chicken":5,"minecraft:illusioner":1},"minecraft:mined":{"biomesoplenty:pink_daffodil":1,"minecraft:dark_oak_log":8,"minecraft:crafting_table":1,"minecraft:grass":25,"minecraft:coal_ore":4,"minecraft:grass_block":6,"minecraft:oak_log":5,"biomesoplenty:high_grass":3,"minecraft:dirt":2,"biomesoplenty:high_grass_plant":18,"minecraft:stone":18},"minecraft:crafted":{"minecraft:oak_planks":20,"minecraft:crafting_table":1,"minecraft:stick":8,"minecraft:wooden_pickaxe":1,"minecraft:wooden_axe":1,"minecraft:dark_oak_planks":32,"minecraft:torch":16},"minecraft:custom":{"minecraft:time_since_rest":1338,"minecraft:sprint_one_cm":104150,"minecraft:damage_taken":1013,"minecraft:walk_one_cm":83849,"minecraft:mob_kills":6,"minecraft:drop":6,"tombstone:raider_killed":1,"minecraft:damage_dealt":691,"minecraft:swim_one_cm":5361,"minecraft:interact_with_crafting_table":1,"minecraft:fly_one_cm":225763,"minecraft:open_chest":15,"minecraft:crouch_one_cm":2311,"minecraft:play_time":16843,"minecraft:deaths":2,"minecraft:sneak_time":672,"minecraft:walk_under_water_one_cm":3071,"minecraft:jump":543,"minecraft:leave_game":1,"minecraft:time_since_death":1490,"minecraft:walk_on_water_one_cm":2255,"minecraft:climb_one_cm":2534,"minecraft:total_world_time":16843,"minecraft:fall_one_cm":20282},"minecraft:used":{"minecraft:wooden_axe":21,"spartanweaponry:iron_parrying_dagger":1,"minecraft:chicken":5,"minecraft:wooden_pickaxe":25,"minecraft:iron_sword":2,"tombstone:grave_key":1,"minecraft:torch":1,"minecraft:dirt":4,"minecraft:cobblestone":6,"minecraft:crafting_table":2,"tombstone:gift":2,"minecraft:cooked_beef":5}},"DataVersion":3465}