{"stats":{"minecraft:picked_up":{"minecraft:stick":2,"minecraft:crafting_table":4,"minecraft:brown_wool":1,"minecraft:leather":10,"minecraft:torch":2,"minecraft:porkchop":1,"minecraft:sand":11,"minecraft:dark_oak_log":4,"minecraft:dirt":2,"minecraft:beef":26,"forbidden_arcanus:spawner_scrap":2,"minecraft:coal":69,"minecraft:mutton":1,"minecraft:cobblestone":80,"minecraft:furnace":2},"minecraft:killed_by":{"minecraft:skeleton":1},"minecraft:dropped":{"butcher:butchersguidebook":1,"minecraft:cooked_beef":3,"alexsmobs:animal_dictionary":1,"minecraft:wooden_pickaxe":1},"minecraft:killed":{"minecraft:skeleton":1,"minecraft:sheep":1,"minecraft:pig":1,"minecraft:cow":8},"minecraft:mined":{"minecraft:furnace":2,"minecraft:dark_oak_log":4,"minecraft:torch":2,"minecraft:crafting_table":4,"gravestone:gravestone":1,"minecraft:grass":2,"minecraft:coal_ore":39,"biomesoplenty:high_grass":1,"minecraft:sand":11,"minecraft:dirt":2,"biomesoplenty:high_grass_plant":1,"minecraft:stone":74,"minecraft:oak_leaves":2,"minecraft:spawner":3},"minecraft:crafted":{"minecraft:cooked_beef":8,"minecraft:stick":24,"minecraft:wooden_pickaxe":1,"minecraft:stone_pickaxe":1,"minecraft:iron_sword":1,"minecraft:furnace":2,"minecraft:dark_oak_planks":16,"minecraft:torch":28,"minecraft:stone_axe":1,"minecraft:air":0},"minecraft:custom":{"minecraft:time_since_rest":933,"minecraft:interact_with_furnace":11,"minecraft:sprint_one_cm":134489,"minecraft:damage_taken":589,"minecraft:walk_one_cm":61756,"minecraft:mob_kills":11,"minecraft:drop":6,"minecraft:damage_dealt":1450,"tombstone:cast_on_ally":0,"minecraft:swim_one_cm":13029,"minecraft:interact_with_crafting_table":12,"minecraft:fly_one_cm":279707,"minecraft:open_chest":13,"minecraft:deaths":1,"minecraft:crouch_one_cm":15597,"tombstone:undead_killed":1,"minecraft:play_time":17252,"minecraft:sneak_time":2448,"minecraft:walk_under_water_one_cm":781,"minecraft:jump":712,"minecraft:leave_game":2,"minecraft:time_since_death":1149,"minecraft:walk_on_water_one_cm":7907,"minecraft:climb_one_cm":202,"minecraft:total_world_time":17252,"minecraft:fall_one_cm":19282},"minecraft:used":{"minecraft:stone_pickaxe":112,"minecraft:brown_wool":1,"minecraft:wooden_pickaxe":7,"minecraft:iron_sword":7,"minecraft:stone_axe":16,"minecraft:torch":14,"minecraft:cobblestone":13,"minecraft:dirt":2,"minecraft:mutton":1,"minecraft:beef":2,"minecraft:crafting_table":3,"minecraft:furnace":2,"minecraft:cooked_beef":5}},"DataVersion":3465}