{"stats":{"minecraft:mined":{"minecraft:spruce_planks":2,"minecraft:smoker":4,"minecraft:dark_oak_log":4,"minecraft:dandelion":1,"minecraft:crafting_table":6,"minecraft:torch":4,"gravestone:gravestone":4,"mirabilis:grass_pile":1,"biomesoplenty:bush":6,"biomesoplenty:high_grass_plant":1,"minecraft:tall_grass":1,"minecraft:cobblestone":2,"minecraft:wall_torch":2,"minecraft:red_stained_glass_pane":2,"minecraft:chiseled_stone_bricks":1,"minecraft:spawner":4,"minecraft:hay_block":12,"minecraft:furnace":6,"minecraft:carrots":12,"minecraft:iron_ore":4,"minecraft:smooth_stone_slab":2,"minecraft:grass":4,"minecraft:potatoes":9,"biomesoplenty:high_grass":1,"minecraft:coal_ore":43,"minecraft:iron_bars":2,"minecraft:sand":13,"minecraft:dirt":2,"minecraft:cracked_stone_bricks":1,"minecraft:stone_bricks":2,"minecraft:stone":74,"minecraft:oak_leaves":7},"minecraft:killed_by":{"minecraft:husk":1,"apollyon:the_damned":1,"minecraft:skeleton":1,"minecraft:spider":1},"minecraft:dropped":{"minecraft:bread":22,"minecraft:iron_sword":1,"minecraft:cooked_beef":3,"alexsmobs:animal_dictionary":1,"tombstone:gift":2,"minecraft:chiseled_stone_bricks":1,"butcher:butchersguidebook":1,"orcz:orcteeth":3,"minecraft:iron_chestplate":1,"minecraft:oak_sapling":1,"forbidden_arcanus:spawner_scrap":2,"minecraft:gold_nugget":1,"tombstone:grave_dust":2,"minecraft:stone_bricks":1,"minecraft:iron_bars":2,"minecraft:wooden_pickaxe":1,"epicfight:skillbook":4,"minecraft:dandelion":1},"minecraft:killed":{"minecraft:pig":1,"minecraft:sheep":1,"minecraft:skeleton":1,"orcz:orcsavagemace":1,"orcz:snot":1,"minecraft:cow":8},"minecraft:used":{"minecraft:cooked_mutton":1,"epicfight:skillbook":2,"minecraft:stone_pickaxe":131,"minecraft:spruce_planks":2,"minecraft:wooden_pickaxe":7,"minecraft:iron_sword":45,"minecraft:torch":32,"minecraft:golden_apple":1,"minecraft:sand":4,"minecraft:dirt":2,"minecraft:mutton":1,"minecraft:crafting_table":6,"minecraft:smoker":2,"minecraft:apple":3,"minecraft:iron_pickaxe":11,"minecraft:bread":6,"minecraft:brown_wool":1,"minecraft:stone_bricks":1,"minecraft:stone_axe":18,"minecraft:bow":2,"minecraft:cobblestone":60,"minecraft:beef":8,"minecraft:furnace":6,"minecraft:cooked_porkchop":2,"minecraft:pumpkin_pie":1,"minecraft:smooth_stone_slab":2,"minecraft:cooked_beef":5},"minecraft:picked_up":{"minecraft:iron_chestplate":1,"minecraft:crafting_table":6,"orcz:orcteeth":3,"minecraft:leather":10,"minecraft:brown_wool":1,"minecraft:smoker":4,"minecraft:potato":10,"minecraft:dirt":2,"minecraft:smooth_stone_slab":2,"minecraft:apple":2,"minecraft:stone_bricks":2,"minecraft:spruce_planks":2,"minecraft:iron_ingot":1,"minecraft:beef":26,"minecraft:tipped_arrow":1,"minecraft:iron_sword":1,"minecraft:furnace":6,"minecraft:stick":2,"minecraft:raw_iron":4,"minecraft:chiseled_stone_bricks":1,"minecraft:torch":6,"minecraft:dandelion":1,"orcz:orcagaric":1,"epicfight:skillbook":3,"minecraft:porkchop":1,"minecraft:sand":13,"minecraft:carrot":24,"minecraft:dark_oak_log":4,"minecraft:iron_helmet":1,"minecraft:hay_block":12,"minecraft:bread":23,"minecraft:oak_sapling":1,"minecraft:coal":137,"minecraft:iron_bars":2,"forbidden_arcanus:spawner_scrap":2,"minecraft:mutton":1,"minecraft:cobblestone":82},"minecraft:crafted":{"minecraft:cooked_beef":17,"minecraft:raw_iron":9,"minecraft:cooked_porkchop":2,"travelersbackpack:backpack_tank":1,"minecraft:wooden_pickaxe":1,"minecraft:cooked_chicken":4,"minecraft:iron_sword":1,"minecraft:furnace":2,"minecraft:stone_axe":1,"minecraft:cooked_mutton":9,"minecraft:bread":41,"minecraft:air":0,"minecraft:glass":9,"travelersbackpack:white_sleeping_bag":1,"minecraft:stick":24,"minecraft:iron_pickaxe":1,"minecraft:iron_ingot":13,"minecraft:stone_pickaxe":1,"minecraft:gold_ingot":7,"minecraft:dark_oak_planks":16,"minecraft:torch":28,"minecraft:wheat":108},"minecraft:broken":{"minecraft:stone_pickaxe":1},"minecraft:custom":{"minecraft:interact_with_furnace":34,"minecraft:mob_kills":14,"minecraft:interact_with_crafting_table":20,"minecraft:open_barrel":6,"minecraft:eat_cake_slice":2,"minecraft:leave_game":12,"minecraft:time_since_death":2698,"minecraft:climb_one_cm":1579,"minecraft:time_since_rest":2242,"minecraft:sprint_one_cm":418989,"minecraft:damage_absorbed":40,"minecraft:damage_taken":2404,"minecraft:walk_one_cm":164402,"minecraft:drop":24,"minecraft:damage_dealt":1871,"tombstone:cast_on_ally":0,"minecraft:swim_one_cm":21332,"minecraft:fly_one_cm":796623,"minecraft:open_chest":47,"minecraft:crouch_one_cm":23351,"minecraft:play_time":67438,"tombstone:undead_killed":1,"minecraft:deaths":5,"minecraft:sneak_time":3829,"minecraft:walk_under_water_one_cm":1119,"minecraft:jump":1978,"minecraft:walk_on_water_one_cm":8638,"minecraft:interact_with_smoker":15,"minecraft:total_world_time":67438,"minecraft:fall_one_cm":67798}},"DataVersion":3465}