{"stats":{"minecraft:mined":{"minecraft:spruce_planks":8,"minecraft:dark_oak_log":4,"gravestone:gravestone":4,"biomesoplenty:bush":6,"minecraft:acacia_log":27,"minecraft:decorated_pot":3,"minecraft:red_stained_glass_pane":2,"minecraft:chiseled_stone_bricks":1,"minecraft:spawner":6,"minecraft:hay_block":12,"minecraft:furnace":6,"minecraft:carrots":12,"minecraft:iron_ore":4,"minecraft:anvil":1,"minecraft:potatoes":9,"biomesoplenty:high_grass":1,"minecraft:iron_bars":2,"minecraft:bamboo":1,"minecraft:stone":81,"minecraft:bone_block":48,"minecraft:white_wool":1,"minecraft:acacia_leaves":1,"minecraft:smoker":4,"minecraft:dandelion":1,"minecraft:crafting_table":9,"minecraft:torch":5,"mirabilis:grass_pile":1,"biomesoplenty:high_grass_plant":1,"minecraft:tall_grass":1,"minecraft:cobblestone":2,"minecraft:wall_torch":2,"minecraft:jungle_wood":2,"mirabilis:sand_pile":1,"minecraft:smooth_stone_slab":2,"minecraft:grass":8,"minecraft:oak_log":2,"minecraft:coal_ore":43,"minecraft:sand":13,"minecraft:dirt":6,"minecraft:cracked_stone_bricks":1,"minecraft:acacia_planks":1,"minecraft:stripped_acacia_wood":8,"minecraft:stone_bricks":2,"minecraft:oak_leaves":10},"minecraft:killed_by":{"minecraft:husk":1,"minecraft:spider":1,"apollyon:the_damned":1,"minecraft:skeleton":1},"minecraft:dropped":{"minecraft:bread":22,"minecraft:iron_sword":2,"minecraft:cooked_beef":3,"minecraft:cobblestone":1,"minecraft:iron_helmet":2,"orcz:orcagaric":1,"minecraft:coal_block":1,"minecraft:music_disc_13":1,"minecraft:dirt":4,"minecraft:gray_wool":3,"minecraft:rabbit":1,"forbidden_arcanus:spawner_scrap":3,"tombstone:grave_dust":3,"minecraft:gold_nugget":1,"minecraft:wither_rose":1,"minecraft:string":8,"minecraft:dark_oak_planks":1,"minecraft:dandelion":1,"minecraft:bone":4,"alexsmobs:animal_dictionary":1,"tombstone:gift":3,"minecraft:rotten_flesh":2,"minecraft:flint_and_steel":2,"butcher:butchersguidebook":1,"minecraft:chiseled_stone_bricks":1,"minecraft:gunpowder":4,"orcz:orcteeth":3,"minecraft:iron_chestplate":1,"minecraft:oak_sapling":1,"minecraft:spider_eye":1,"minecraft:stone_bricks":1,"minecraft:bamboo":28,"minecraft:iron_bars":2,"minecraft:wooden_pickaxe":1,"minecraft:black_wool":2,"epicfight:skillbook":5},"minecraft:killed":{"bloodandmadness:church_doctor":1,"minecraft:spider":3,"grimoireofgaia:orc":1,"minecraft:skeleton":4,"alexsmobs:leafcutter_ant":2,"minecraft:drowned":3,"cataclysm:lionfish":1,"orcz:orcsavagemace":1,"cataclysm:deepling_angler":1,"minecraft:pig":1,"minecraft:rabbit":1,"minecraft:sheep":1,"minecraft:zombie":3,"orcz:snot":1,"apollyon:the_damned":2,"minecraft:cow":8},"minecraft:used":{"minecraft:bone_block":22,"minecraft:spruce_planks":2,"minecraft:iron_sword":222,"minecraft:cooked_chicken":4,"minecraft:torch":43,"minecraft:dirt":2,"minecraft:mutton":1,"minecraft:anvil":1,"minecraft:stone_bricks":1,"minecraft:bow":3,"minecraft:beef":8,"minecraft:dark_oak_boat":1,"minecraft:furnace":6,"grimoireofgaia:meat":2,"minecraft:cooked_beef":13,"minecraft:acacia_planks":118,"minecraft:enchanted_golden_apple":1,"minecraft:cooked_mutton":6,"minecraft:water_bucket":5,"epicfight:skillbook":7,"minecraft:oak_planks":8,"minecraft:stone_pickaxe":131,"minecraft:wooden_pickaxe":7,"minecraft:white_wool":13,"minecraft:golden_apple":2,"minecraft:sand":4,"minecraft:crafting_table":8,"minecraft:smoker":2,"minecraft:apple":3,"minecraft:bread":22,"minecraft:brown_wool":1,"minecraft:iron_pickaxe":73,"minecraft:stone_axe":69,"minecraft:cobblestone":66,"minecraft:cooked_porkchop":2,"minecraft:bucket":5,"minecraft:pumpkin_pie":1,"minecraft:smooth_stone_slab":2},"minecraft:broken":{"minecraft:stone_pickaxe":1},"minecraft:crafted":{"minecraft:oak_planks":8,"minecraft:raw_iron":9,"minecraft:coal":9,"minecraft:cooked_chicken":4,"minecraft:furnace":2,"minecraft:cooked_mutton":9,"minecraft:glass":9,"travelersbackpack:white_sleeping_bag":1,"minecraft:stone_pickaxe":1,"minecraft:chest":1,"minecraft:dark_oak_planks":16,"minecraft:wheat":108,"minecraft:cooked_beef":17,"minecraft:cooked_porkchop":2,"travelersbackpack:backpack_tank":2,"minecraft:wooden_pickaxe":1,"travelersbackpack:standard":1,"minecraft:iron_sword":1,"minecraft:stone_axe":1,"minecraft:bread":41,"minecraft:air":0,"minecraft:jungle_planks":8,"minecraft:stick":24,"minecraft:iron_ingot":13,"minecraft:iron_pickaxe":1,"minecraft:iron_block":3,"minecraft:gold_ingot":7,"minecraft:anvil":1,"minecraft:acacia_planks":124,"minecraft:torch":60},"minecraft:picked_up":{"minecraft:crafting_table":9,"minecraft:iron_chestplate":1,"minecraft:anvil":1,"minecraft:lead":1,"minecraft:wither_rose":1,"tombstone:scroll_of_preservation":1,"minecraft:string":8,"minecraft:smooth_stone_slab":2,"minecraft:flint_and_steel":2,"minecraft:spruce_planks":2,"minecraft:beef":26,"minecraft:coal_block":1,"minecraft:furnace":6,"minecraft:tipped_arrow":1,"minecraft:stick":2,"minecraft:raw_iron":4,"grimoireofgaia:meat":2,"minecraft:acacia_log":27,"minecraft:torch":7,"epicfight:skillbook":3,"minecraft:porkchop":1,"tombstone:grave_dust":1,"minecraft:carrot":24,"minecraft:rabbit_foot":1,"grimoireofgaia:bag_book":1,"minecraft:rotten_flesh":5,"minecraft:hay_block":12,"minecraft:bone_block":47,"minecraft:mutton":1,"minecraft:iron_bars":2,"forbidden_arcanus:spawner_scrap":3,"minecraft:white_wool":1,"minecraft:cobblestone":89,"orcz:orcteeth":3,"minecraft:brown_wool":1,"minecraft:leather":10,"minecraft:dark_oak_boat":2,"minecraft:jungle_wood":2,"minecraft:smoker":4,"minecraft:potato":10,"minecraft:oak_log":2,"minecraft:gunpowder":4,"minecraft:dirt":6,"minecraft:glass":3,"minecraft:bone":5,"minecraft:apple":2,"minecraft:stone_bricks":2,"minecraft:iron_ingot":1,"tombstone:bag_of_seeds":1,"minecraft:rabbit":1,"minecraft:bamboo":28,"minecraft:iron_sword":1,"minecraft:music_disc_13":1,"minecraft:chiseled_stone_bricks":1,"minecraft:stripped_acacia_wood":6,"minecraft:dandelion":1,"orcz:orcagaric":1,"minecraft:sand":13,"minecraft:dark_oak_log":4,"minecraft:spider_eye":1,"minecraft:iron_helmet":1,"minecraft:bread":23,"tombstone:magic_scroll":1,"minecraft:oak_sapling":1,"minecraft:netherite_hoe":1,"minecraft:coal":137},"minecraft:custom":{"minecraft:interact_with_anvil":2,"minecraft:mob_kills":37,"minecraft:interact_with_crafting_table":25,"minecraft:open_barrel":23,"minecraft:damage_dealt_resisted":549,"minecraft:eat_cake_slice":2,"minecraft:leave_game":13,"minecraft:time_since_death":48132,"minecraft:climb_one_cm":4062,"minecraft:damage_resisted":108,"minecraft:sprint_one_cm":644629,"minecraft:walk_one_cm":263282,"minecraft:drop":51,"minecraft:play_time":112872,"minecraft:deaths":5,"minecraft:sneak_time":7494,"minecraft:walk_under_water_one_cm":38398,"minecraft:boat_one_cm":253057,"minecraft:jump":3260,"minecraft:walk_on_water_one_cm":27513,"minecraft:total_world_time":112872,"minecraft:interact_with_furnace":34,"minecraft:time_since_rest":47676,"minecraft:damage_taken":4618,"minecraft:damage_absorbed":228,"minecraft:damage_dealt":10290,"tombstone:cast_on_ally":0,"minecraft:swim_one_cm":189461,"minecraft:fly_one_cm":1263001,"minecraft:open_chest":58,"minecraft:crouch_one_cm":34382,"tombstone:undead_killed":10,"minecraft:interact_with_smoker":15,"minecraft:fall_one_cm":106105}},"DataVersion":3465}