{"stats":{"minecraft:mined":{"minecraft:spruce_planks":2,"minecraft:dark_oak_log":4,"minecraft:dandelion":1,"minecraft:crafting_table":4,"minecraft:torch":2,"gravestone:gravestone":4,"biomesoplenty:high_grass_plant":1,"minecraft:tall_grass":1,"minecraft:cobblestone":2,"minecraft:red_stained_glass_pane":2,"minecraft:chiseled_stone_bricks":1,"minecraft:spawner":4,"minecraft:furnace":2,"minecraft:iron_ore":4,"minecraft:smooth_stone_slab":2,"minecraft:grass":2,"biomesoplenty:high_grass":1,"minecraft:coal_ore":39,"minecraft:iron_bars":2,"minecraft:sand":13,"minecraft:dirt":2,"minecraft:cracked_stone_bricks":1,"minecraft:stone_bricks":2,"minecraft:stone":74,"minecraft:oak_leaves":5},"minecraft:killed_by":{"apollyon:the_damned":1,"minecraft:skeleton":1,"minecraft:spider":1},"minecraft:dropped":{"minecraft:cooked_beef":3,"alexsmobs:animal_dictionary":1,"tombstone:gift":2,"minecraft:chiseled_stone_bricks":1,"butcher:butchersguidebook":1,"forbidden_arcanus:spawner_scrap":2,"tombstone:grave_dust":2,"minecraft:stone_bricks":1,"minecraft:iron_bars":2,"minecraft:wooden_pickaxe":1,"minecraft:dandelion":1},"minecraft:killed":{"minecraft:pig":1,"minecraft:sheep":1,"minecraft:skeleton":1,"minecraft:cow":8},"minecraft:used":{"minecraft:stone_pickaxe":127,"minecraft:spruce_planks":2,"minecraft:wooden_pickaxe":7,"minecraft:iron_sword":10,"minecraft:torch":20,"minecraft:golden_apple":1,"minecraft:sand":4,"minecraft:dirt":2,"minecraft:mutton":1,"minecraft:crafting_table":3,"minecraft:apple":3,"minecraft:bread":1,"minecraft:brown_wool":1,"minecraft:stone_bricks":1,"minecraft:stone_axe":16,"minecraft:cobblestone":37,"minecraft:beef":7,"minecraft:furnace":2,"minecraft:smooth_stone_slab":2,"minecraft:cooked_beef":5},"minecraft:picked_up":{"minecraft:crafting_table":4,"minecraft:leather":10,"minecraft:brown_wool":1,"minecraft:dirt":2,"minecraft:smooth_stone_slab":2,"minecraft:apple":1,"minecraft:stone_bricks":2,"minecraft:spruce_planks":2,"minecraft:beef":26,"minecraft:furnace":2,"minecraft:stick":2,"minecraft:raw_iron":4,"minecraft:chiseled_stone_bricks":1,"minecraft:torch":2,"minecraft:dandelion":1,"minecraft:porkchop":1,"minecraft:sand":13,"minecraft:dark_oak_log":4,"minecraft:coal":69,"minecraft:iron_bars":2,"forbidden_arcanus:spawner_scrap":2,"minecraft:mutton":1,"minecraft:cobblestone":82},"minecraft:crafted":{"minecraft:cooked_beef":8,"minecraft:wooden_pickaxe":1,"minecraft:iron_sword":1,"minecraft:furnace":2,"minecraft:stone_axe":1,"minecraft:air":0,"minecraft:stick":24,"minecraft:stone_pickaxe":1,"minecraft:dark_oak_planks":16,"minecraft:torch":28},"minecraft:custom":{"minecraft:interact_with_furnace":11,"minecraft:mob_kills":11,"minecraft:interact_with_crafting_table":12,"minecraft:leave_game":11,"minecraft:time_since_death":16872,"minecraft:climb_one_cm":202,"minecraft:time_since_rest":15156,"minecraft:sprint_one_cm":245321,"minecraft:damage_absorbed":40,"minecraft:damage_taken":1869,"minecraft:walk_one_cm":103740,"minecraft:drop":14,"minecraft:damage_dealt":1450,"tombstone:cast_on_ally":0,"minecraft:swim_one_cm":14012,"minecraft:fly_one_cm":511457,"minecraft:open_chest":13,"minecraft:crouch_one_cm":21584,"minecraft:play_time":43519,"tombstone:undead_killed":1,"minecraft:deaths":4,"minecraft:sneak_time":3489,"minecraft:walk_under_water_one_cm":925,"minecraft:jump":1258,"minecraft:walk_on_water_one_cm":8172,"minecraft:total_world_time":43519,"minecraft:fall_one_cm":45948}},"DataVersion":3465}