{"stats":{"minecraft:killed":{"minecraft:cave_spider":4,"minecraft:spider":13,"iceandfire:stymphalian_bird":1,"grimoireofgaia:orc":3,"minecraft:skeleton":18,"bloodandmadness:beast_patient":1,"alexsmobs:leafcutter_ant":2,"minecraft:chicken":1,"minecraft:pig":1,"riskofrain_mobs:lemurian_entity":2,"grimoireofgaia:bone_knight":1,"minecraft:creeper":2,"minecraft:sheep":1,"minecraft:goat":1,"minecraft:zombie":18,"orcz:bigorcboss":2,"minecraft:stray":5,"orcz:orcsavage_2sword":2,"orcz:snot":4,"orcz:orcshield":2,"apollyon:the_damned":8,"minecraft:cow":8,"bloodandmadness:church_doctor":1,"grimoireofgaia:ender_eye":1,"bloodandmadness:huntsman_axe":1,"cataclysm:lionfish":1,"minecraft:drowned":3,"orcz:orcsavagemace":2,"orcz:orcsavageweird":1,"cataclysm:deepling_angler":1,"minecraft:husk":1,"minecraft:rabbit":1,"minecraft:hoglin":2,"grimoireofgaia:oni":4,"grimoireofgaia:nine_tails":1,"iceandfire:ghost":1,"iceandfire:ice_dragon":1,"minecraft:wither_skeleton":11},"minecraft:picked_up":{"minecraft:wooden_axe":1,"minecraft:iron_chestplate":1,"minecraft:black_carpet":2,"minecraft:chainmail_boots":1,"minecraft:anvil":4,"minecraft:smithing_table":1,"minecraft:lead":2,"minecraft:oak_stairs":6,"minecraft:wither_rose":4,"minecraft:enchanted_book":1,"minecraft:string":21,"minecraft:smooth_stone_slab":4,"biomesoplenty:yellow_autumn_leaves":7,"minecraft:oak_sign":2,"minecraft:sea_pickle":2,"minecraft:gold_nugget":1,"bosses_of_mass_destruction:soul_star":1,"minecraft:spruce_planks":11,"minecraft:coal_block":1,"minecraft:furnace":8,"minecraft:tipped_arrow":3,"minecraft:stick":9,"orcz:orcskull":1,"minecraft:torch":11,"minecraft:acacia_log":27,"iceandfire:dragonscales_white":34,"epicfight:skillbook":8,"minecraft:porkchop":1,"iceandfire:lightning_dragon_flesh":2,"iceandfire:crackled_gravel":2,"tombstone:grave_dust":15,"minecraft:rabbit_foot":1,"minecraft:quartz_block":1,"minecraft:rotten_flesh":27,"epicfight:stray_robe":2,"minecraft:iron_bars":24,"minecraft:cobblestone":128,"minecraft:birch_log":5,"orcz:orcteeth":12,"minecraft:iron_door":2,"minecraft:brown_wool":1,"minecraft:dark_oak_boat":2,"minecraft:jungle_wood":2,"minecraft:smoker":4,"minecraft:potato":10,"minecraft:dirt":13,"minecraft:lantern":1,"minecraft:glass":3,"minecraft:bone":88,"minecraft:bow":3,"minecraft:wheat_seeds":10,"minecraft:mossy_stone_bricks":2,"minecraft:rabbit":1,"minecraft:bamboo":28,"minecraft:music_disc_13":1,"minecraft:stripped_acacia_wood":8,"orcz:orcagaric":1,"minecraft:sand":43,"minecraft:nether_brick_stairs":1,"iceandfire:stymphalian_bird_feather":15,"iceandfire:lightning_dragon_heart":1,"minecraft:diamond_block":2,"minecraft:mossy_cobblestone":1,"minecraft:dark_oak_log":4,"tombstone:scroll_of_mercy":2,"minecraft:bundle":1,"minecraft:polished_andesite":2,"minecraft:diamond":1,"minecraft:writable_book":2,"iceandfire:dragon_ice":1,"iceandfire:dragonegg_blue":2,"minecraft:golden_horse_armor":2,"minecraft:spruce_sign":1,"minecraft:bread":23,"minecraft:oak_sapling":1,"iceandfire:silver_nugget":30,"iceandfire:raw_silver":1,"iceandfire:dragon_skull_lightning":1,"minecraft:crafting_table":12,"iceandfire:witherbone":4,"minecraft:chicken":1,"minecraft:nether_wart":8,"iceandfire:frozen_cobblestone":8,"tombstone:scroll_of_preservation":1,"minecraft:flint_and_steel":2,"iceandfire:frozen_stone":9,"minecraft:iron_axe":1,"epicfight:stray_hat":1,"minecraft:cracked_stone_bricks":4,"minecraft:beef":26,"spartanweaponry:leather_longbow":1,"minecraft:iron_nugget":3,"minecraft:lectern":2,"iceandfire:ice_dragon_heart":4,"minecraft:raw_iron":4,"iceandfire:dragonbone":43,"grimoireofgaia:meat":5,"minecraft:carrot":24,"minecraft:stone_pressure_plate":1,"iceandfire:dragon_skull_ice":2,"minecraft:arrow":27,"grimoireofgaia:bag_book":3,"minecraft:nether_bricks":1,"iceandfire:dragonscales_silver":26,"minecraft:hay_block":21,"bloodandmadness:sanguisteel_nugget":1,"minecraft:mutton":1,"minecraft:bone_block":47,"forbidden_arcanus:spawner_scrap":40,"minecraft:white_wool":1,"minecraft:air":0,"minecraft:leather":20,"minecraft:oak_log":3,"minecraft:gunpowder":4,"iceandfire:dragonscales_blue":17,"minecraft:apple":2,"minecraft:stone_bricks":3,"minecraft:iron_ingot":2,"tombstone:bag_of_seeds":2,"minecraft:iron_sword":1,"netherdungeons:hoglin_leg":19,"iceandfire:copper_nugget":4,"epicfight:stone_greatsword":1,"minecraft:chiseled_stone_bricks":1,"minecraft:dandelion":1,"minecraft:spruce_sapling":2,"minecraft:spruce_log":3,"minecraft:spruce_door":1,"minecraft:spider_eye":3,"iceandfire:dragonscales_copper":9,"iceandfire:armor_copper_helmet":1,"minecraft:iron_helmet":1,"iceandfire:ice_dragon_flesh":7,"tombstone:magic_scroll":1,"orcz:orceye":2,"minecraft:netherite_hoe":1,"minecraft:coal":144,"minecraft:ender_pearl":1},"minecraft:dropped":{"minecraft:nether_brick_stairs":1,"minecraft:spruce_sign":1,"minecraft:iron_sword":2,"iceandfire:raw_silver":1,"minecraft:cooked_beef":3,"netherdungeons:hoglin_leg":19,"orcz:orcskull":1,"iceandfire:ice_dragon_flesh":7,"minecraft:cracked_stone_bricks":2,"epicfight:stray_hat":1,"minecraft:music_disc_13":1,"orcz:orceye":2,"minecraft:dirt":4,"tombstone:bag_of_seeds":1,"minecraft:writable_book":2,"minecraft:gold_nugget":2,"minecraft:dark_oak_planks":1,"minecraft:bone":21,"iceandfire:stymphalian_bird_feather":15,"minecraft:stone_axe":1,"minecraft:iron_nugget":3,"alexsmobs:animal_dictionary":1,"minecraft:black_carpet":2,"tombstone:gift":3,"minecraft:rotten_flesh":22,"minecraft:diamond_shovel":1,"minecraft:rabbit_foot":1,"minecraft:chiseled_stone_bricks":1,"bosses_of_mass_destruction:soul_star":1,"minecraft:tipped_arrow":5,"minecraft:gunpowder":4,"minecraft:chainmail_boots":1,"minecraft:iron_bars":6,"minecraft:arrow":1,"grimoireofgaia:meat":3,"minecraft:splash_potion":1,"minecraft:enchanted_book":3,"minecraft:bread":22,"spartanweaponry:leather_longbow":1,"minecraft:wheat_seeds":10,"minecraft:mossy_cobblestone":1,"minecraft:golden_horse_armor":2,"minecraft:iron_helmet":2,"minecraft:cobblestone":25,"orcz:orcagaric":1,"minecraft:spruce_door":1,"iceandfire:lightning_dragon_flesh":2,"minecraft:coal_block":1,"minecraft:stick":4,"minecraft:polished_andesite":1,"minecraft:gray_wool":3,"minecraft:golden_carrot":10,"iceandfire:armor_copper_boots":1,"iceandfire:copper_nugget":4,"minecraft:wooden_axe":1,"minecraft:rabbit":1,"minecraft:iron_door":2,"forbidden_arcanus:spawner_scrap":30,"minecraft:diamond_helmet":1,"iceandfire:armor_silver_chestplate":1,"tombstone:grave_dust":17,"minecraft:potion":1,"minecraft:oak_stairs":6,"minecraft:wither_rose":4,"iceandfire:ice_dragon_heart":4,"epicfight:stone_greatsword":1,"minecraft:string":20,"minecraft:spruce_sapling":2,"minecraft:dandelion":1,"iceandfire:silver_nugget":30,"minecraft:nether_wart":8,"iceandfire:lightning_dragon_heart":1,"minecraft:chicken":1,"iceandfire:dragonegg_blue":1,"iceandfire:dragon_skull_ice":2,"minecraft:stripped_acacia_wood":2,"minecraft:oak_sign":2,"minecraft:flint_and_steel":2,"iceandfire:dragon_ice":1,"butcher:butchersguidebook":1,"minecraft:sea_pickle":2,"orcz:orcteeth":12,"bloodandmadness:sanguisteel_nugget":1,"minecraft:spruce_planks":8,"minecraft:iron_chestplate":2,"minecraft:mossy_stone_bricks":2,"minecraft:oak_sapling":1,"minecraft:stone_pressure_plate":1,"minecraft:spider_eye":3,"minecraft:stone_bricks":1,"minecraft:bamboo":28,"minecraft:wooden_pickaxe":1,"iceandfire:dragon_skull_lightning":1,"minecraft:black_wool":2,"epicfight:skillbook":9},"minecraft:crafted":{"minecraft:oak_planks":12,"iceandfire:armor_copper_boots":2,"minecraft:cooked_chicken":4,"minecraft:cooked_mutton":9,"minecraft:glass":39,"minecraft:chest":2,"minecraft:cooked_porkchop":2,"minecraft:crafting_table":1,"minecraft:spruce_planks":8,"travelersbackpack:standard":2,"minecraft:wooden_pickaxe":1,"minecraft:smithing_table":1,"minecraft:birch_planks":20,"minecraft:stick":56,"minecraft:iron_ingot":13,"minecraft:iron_pickaxe":1,"minecraft:iron_block":3,"minecraft:gold_ingot":7,"minecraft:raw_iron":9,"minecraft:coal":9,"minecraft:furnace":2,"travelersbackpack:blank_upgrade":4,"travelersbackpack:gold_tier_upgrade":1,"minecraft:diamond":18,"travelersbackpack:white_sleeping_bag":1,"iceandfire:armor_silver_chestplate":2,"minecraft:stone_pickaxe":1,"minecraft:dark_oak_planks":16,"travelersbackpack:diamond_tier_upgrade":1,"minecraft:wheat":189,"minecraft:cooked_beef":17,"travelersbackpack:backpack_tank":4,"minecraft:iron_sword":1,"minecraft:stone_axe":1,"minecraft:bread":68,"minecraft:air":0,"minecraft:jungle_planks":8,"minecraft:anvil":1,"minecraft:acacia_planks":124,"minecraft:torch":200},"minecraft:custom":{"minecraft:interact_with_crafting_table":41,"minecraft:open_barrel":49,"minecraft:eat_cake_slice":2,"minecraft:leave_game":15,"minecraft:time_since_death":102808,"minecraft:damage_resisted":192,"minecraft:sprint_one_cm":1612425,"minecraft:drop":190,"minecraft:play_time":226171,"minecraft:deaths":8,"minecraft:jump":5561,"minecraft:walk_on_water_one_cm":42400,"minecraft:interact_with_furnace":51,"minecraft:damage_dealt":42083,"minecraft:crouch_one_cm":46242,"tombstone:undead_killed":58,"minecraft:interact_with_smoker":15,"minecraft:interact_with_smithing_table":3,"minecraft:mob_kills":138,"minecraft:interact_with_anvil":5,"minecraft:damage_dealt_resisted":2285,"minecraft:climb_one_cm":6675,"minecraft:walk_one_cm":750790,"minecraft:sneak_time":9651,"minecraft:walk_under_water_one_cm":46541,"minecraft:boat_one_cm":253057,"minecraft:interact_with_lectern":3,"minecraft:total_world_time":226171,"minecraft:time_since_rest":102359,"minecraft:damage_taken":11272,"minecraft:damage_absorbed":511,"minecraft:trigger_trapped_chest":1,"tombstone:cast_on_ally":0,"minecraft:swim_one_cm":198717,"minecraft:fly_one_cm":2077778,"minecraft:open_chest":194,"minecraft:fall_one_cm":155745},"minecraft:broken":{"minecraft:iron_leggings":1,"minecraft:stone_pickaxe":1,"minecraft:iron_helmet":1},"minecraft:mined":{"minecraft:spruce_planks":9,"minecraft:acacia_log":27,"minecraft:grass_block":3,"minecraft:red_stained_glass_pane":2,"minecraft:chiseled_stone_bricks":1,"minecraft:spawner":46,"minecraft:iron_ore":4,"minecraft:anvil":4,"minecraft:nether_brick_stairs":1,"minecraft:iron_bars":25,"minecraft:spruce_pressure_plate":1,"minecraft:quartz_block":3,"minecraft:smoker":4,"iceandfire:dragon_ice_spikes":5,"minecraft:torch":7,"minecraft:cobblestone":2,"minecraft:wall_torch":5,"minecraft:jungle_wood":2,"minecraft:birch_log":6,"minecraft:smooth_stone_slab":4,"minecraft:grass":12,"minecraft:oak_log":3,"minecraft:sand":44,"minecraft:dirt":10,"minecraft:oak_leaves":14,"minecraft:diamond_ore":1,"minecraft:mossy_cobblestone":1,"minecraft:dark_oak_leaves":4,"minecraft:dark_oak_log":4,"iceandfire:frozen_cobblestone":8,"gravestone:gravestone":8,"minecraft:nether_bricks":2,"biomesoplenty:bush":6,"iceandfire:frozen_stone":9,"minecraft:decorated_pot":3,"minecraft:hay_block":21,"minecraft:furnace":8,"minecraft:carrots":12,"minecraft:andesite":1,"minecraft:potatoes":9,"biomesoplenty:high_grass":1,"minecraft:vine":2,"minecraft:bamboo":1,"minecraft:stone":107,"minecraft:bone_block":48,"minecraft:white_wool":1,"minecraft:smithing_table":1,"minecraft:acacia_leaves":1,"minecraft:dandelion":1,"minecraft:crafting_table":12,"mirabilis:grass_pile":1,"minecraft:lectern":2,"biomesoplenty:high_grass_plant":1,"minecraft:tall_grass":1,"mirabilis:sand_pile":1,"biomesoplenty:yellow_autumn_leaves":15,"minecraft:spruce_log":1,"minecraft:birch_leaves":4,"minecraft:coal_ore":43,"biomesoplenty:stringy_cobweb":1,"minecraft:cracked_stone_bricks":6,"minecraft:acacia_planks":1,"minecraft:polished_andesite":1,"minecraft:stripped_acacia_wood":8,"minecraft:stone_bricks":6,"minecraft:mossy_stone_bricks":2,"minecraft:fern":2},"minecraft:used":{"minecraft:writable_book":1,"minecraft:bone_block":22,"minecraft:iron_sword":464,"minecraft:mutton":1,"minecraft:nether_bricks":1,"iceandfire:frozen_stone":9,"iceandfire:crackled_gravel":2,"minecraft:lantern":1,"minecraft:stone_bricks":2,"biomesoplenty:yellow_autumn_leaves":7,"minecraft:bow":25,"minecraft:dark_oak_boat":1,"minecraft:furnace":8,"grimoireofgaia:meat":2,"iceandfire:frozen_cobblestone":8,"epicfight:skillbook":11,"minecraft:oak_planks":8,"minecraft:stone_pickaxe":131,"minecraft:wooden_pickaxe":7,"minecraft:white_wool":13,"minecraft:golden_apple":5,"minecraft:sand":4,"minecraft:bread":36,"minecraft:brown_wool":1,"minecraft:lectern":2,"minecraft:diamond_sword":76,"minecraft:smithing_table":1,"minecraft:smooth_stone_slab":4,"minecraft:iron_bars":8,"minecraft:spruce_planks":3,"minecraft:cooked_chicken":4,"minecraft:torch":266,"minecraft:dirt":9,"minecraft:anvil":4,"minecraft:iron_axe":18,"minecraft:golden_carrot":52,"minecraft:beef":8,"tombstone:gift":2,"minecraft:cooked_beef":13,"minecraft:acacia_planks":118,"minecraft:enchanted_golden_apple":2,"minecraft:iron_leggings":1,"minecraft:cooked_mutton":9,"minecraft:water_bucket":11,"minecraft:polished_andesite":1,"minecraft:baked_potato":8,"wom:ruine":385,"minecraft:cracked_stone_bricks":2,"minecraft:crafting_table":11,"minecraft:spruce_log":1,"minecraft:smoker":2,"minecraft:diamond_pickaxe":54,"minecraft:apple":3,"minecraft:diamond_shovel":33,"minecraft:iron_pickaxe":168,"minecraft:stone_axe":72,"minecraft:cobblestone":81,"minecraft:cooked_porkchop":2,"minecraft:bucket":12,"minecraft:pumpkin_pie":2},"minecraft:killed_by":{"minecraft:wither_skeleton":1,"minecraft:husk":1,"minecraft:spider":1,"apollyon:the_damned":1,"minecraft:hoglin":2,"minecraft:skeleton":1}},"DataVersion":3465}