{"stats":{"minecraft:picked_up":{"minecraft:birch_log":5,"cataclysm:ignitium_chestplate":1,"minecraft:stick":3,"minecraft:iron_chestplate":1,"iceandfire:witherbone":1,"minecraft:torch":3,"epicfight:skillbook":2,"minecraft:enchanted_book":1,"iceandfire:rotten_egg":1,"tombstone:grave_key":1,"minecraft:nether_brick_stairs":6,"tombstone:grave_dust":2,"cataclysm:ignitium_boots":1,"minecraft:nether_wart_block":2,"minecraft:carrot":3,"wom:antitheus":1,"cataclysm:ignitium_helmet":1,"tombstone:gift":1,"minecraft:dark_oak_planks":15,"minecraft:leather_boots":1,"minecraft:arrow":2,"minecraft:bone":2,"minecraft:rotten_flesh":9,"minecraft:stone_axe":1,"minecraft:nether_bricks":13,"minecraft:candle":1,"iter_rpg:abyssquartz_shard":4,"minecraft:granite":2,"minecraft:gold_ingot":7,"minecraft:coal_block":2,"minecraft:mutton":7,"minecraft:obsidian":1,"minecraft:iron_bars":1,"cataclysm:ignitium_leggings":1,"minecraft:cobblestone":18},"minecraft:killed":{"minecraft:skeleton":1},"minecraft:crafted":{"minecraft:birch_planks":20},"minecraft:mined":{"minecraft:candle":1,"minecraft:birch_log":5,"iter_rpg:abyss_quartz":3,"minecraft:birch_leaves":2,"minecraft:torch":3,"gravestone:gravestone":1,"minecraft:sculk_shrieker":1,"minecraft:sculk_sensor":9},"minecraft:custom":{"minecraft:time_since_rest":1,"minecraft:sprint_one_cm":44641,"minecraft:damage_taken":3863,"minecraft:walk_one_cm":103661,"tombstone:sneak_grave":1,"minecraft:mob_kills":2,"minecraft:drop":3,"minecraft:damage_dealt":697,"minecraft:damage_dealt_absorbed":119,"minecraft:interact_with_crafting_table":1,"minecraft:fly_one_cm":110675,"minecraft:open_chest":11,"minecraft:deaths":13,"minecraft:crouch_one_cm":120946,"minecraft:play_time":30233,"tombstone:undead_killed":1,"minecraft:sneak_time":13444,"minecraft:jump":285,"minecraft:time_since_death":405,"minecraft:climb_one_cm":1994,"minecraft:total_world_time":30233,"minecraft:fall_one_cm":11155},"minecraft:killed_by":{"minecraft:warden":13},"minecraft:dropped":{"tombstone:grave_key":1,"minecraft:stick":3,"minecraft:flint":1},"minecraft:used":{"minecraft:dark_oak_planks":15,"epicfight:skillbook":1,"minecraft:iron_bars":1,"minecraft:rotten_flesh":9,"minecraft:stone_axe":6,"minecraft:nether_wart_block":2,"minecraft:torch":2,"minecraft:coal_block":2,"wom:antitheus":10,"minecraft:nether_bricks":5,"minecraft:carrot":2,"tombstone:gift":2,"minecraft:candle":1,"minecraft:granite":2,"minecraft:nether_brick_stairs":6}},"DataVersion":3465}