{"stats":{"minecraft:mined":{"minecraft:grass":1,"minecraft:grass_block":9,"minecraft:dirt":2,"minecraft:birch_log":4,"minecraft:birch_leaves":1,"minecraft:oak_leaves":1},"minecraft:dropped":{"bloodandmadness:beastblood_clump":1,"bloodandmadness:blood_vial":1},"minecraft:killed_by":{"bloodandmadness:beast_patient":1,"grimoireofgaia:werecat":1},"minecraft:killed":{"bloodandmadness:beast_patient":1},"minecraft:used":{"minecraft:dirt":7,"alexsmobs:animal_dictionary":1,"minecraft:egg":1},"minecraft:picked_up":{"minecraft:birch_log":4,"minecraft:apple":1,"minecraft:dirt":10,"bloodandmadness:beastblood_clump":1,"minecraft:egg":1},"minecraft:custom":{"minecraft:time_since_rest":1451,"minecraft:crouch_one_cm":178,"minecraft:sprint_one_cm":147062,"minecraft:play_time":19237,"minecraft:damage_taken":700,"minecraft:deaths":3,"minecraft:walk_one_cm":160869,"minecraft:sneak_time":92,"minecraft:mob_kills":1,"minecraft:drop":2,"minecraft:jump":464,"minecraft:damage_dealt":174,"minecraft:leave_game":3,"minecraft:time_since_death":1704,"minecraft:total_world_time":19237,"minecraft:fall_one_cm":11160,"minecraft:fly_one_cm":118018,"minecraft:open_chest":1}},"DataVersion":3465}