{"stats":{"minecraft:mined":{"minecraft:grass":1,"minecraft:grass_block":9,"minecraft:dirt":2,"minecraft:birch_log":4,"minecraft:birch_leaves":1},"minecraft:killed_by":{"bloodandmadness:beast_patient":1,"grimoireofgaia:werecat":1},"minecraft:killed":{"bloodandmadness:beast_patient":1},"minecraft:used":{"minecraft:dirt":7},"minecraft:picked_up":{"minecraft:birch_log":4,"bloodandmadness:beastblood_clump":1,"minecraft:dirt":10},"minecraft:custom":{"minecraft:time_since_rest":455,"minecraft:crouch_one_cm":178,"minecraft:play_time":10220,"minecraft:sprint_one_cm":67864,"minecraft:walk_one_cm":58263,"minecraft:damage_taken":500,"minecraft:deaths":2,"minecraft:sneak_time":20,"minecraft:mob_kills":1,"minecraft:jump":164,"minecraft:damage_dealt":174,"minecraft:leave_game":2,"minecraft:time_since_death":0,"minecraft:total_world_time":10220,"minecraft:fall_one_cm":3448,"minecraft:fly_one_cm":54517}},"DataVersion":3465}