{"stats":{"minecraft:mined":{"minecraft:dark_oak_log":7},"minecraft:dropped":{"butcher:butchersguidebook":1,"alexsmobs:animal_dictionary":1},"minecraft:used":{"minecraft:crafting_table":1},"minecraft:picked_up":{"minecraft:dark_oak_log":7},"minecraft:crafted":{"minecraft:dark_oak_planks":28,"minecraft:crafting_table":1,"minecraft:stick":8,"minecraft:wooden_pickaxe":1},"minecraft:custom":{"minecraft:jump":8,"minecraft:time_since_rest":967,"minecraft:leave_game":1,"minecraft:crouch_one_cm":26,"minecraft:sprint_one_cm":4352,"minecraft:play_time":967,"minecraft:time_since_death":967,"minecraft:walk_one_cm":1720,"minecraft:sneak_time":15,"minecraft:total_world_time":967,"minecraft:interact_with_crafting_table":1,"minecraft:drop":2,"minecraft:fall_one_cm":209,"minecraft:fly_one_cm":3741}},"DataVersion":3465}