{"stats":{"minecraft:picked_up":{"spartanweaponry:iron_saber":1,"minecraft:raw_iron":5,"minecraft:crafting_table":4,"minecraft:feather":7,"minecraft:chicken":5,"minecraft:dark_oak_log":26,"minecraft:dirt":3,"minecraft:oak_planks":2,"minecraft:coal":70,"minecraft:furnace":3,"minecraft:cobblestone":38,"minecraft:egg":1},"minecraft:dropped":{"minecraft:wooden_axe":1,"minecraft:feather":7,"spartanweaponry:iron_saber":1,"minecraft:stone_pickaxe":1,"minecraft:wooden_pickaxe":1},"minecraft:killed":{"minecraft:chicken":5},"minecraft:mined":{"minecraft:furnace":3,"minecraft:iron_ore":5,"minecraft:dark_oak_log":27,"minecraft:birch_leaves":1,"minecraft:crafting_table":4,"minecraft:grass_block":3,"minecraft:coal_ore":48,"minecraft:gravel":1,"minecraft:stone":39,"minecraft:oak_planks":2},"minecraft:crafted":{"minecraft:crafting_table":1,"minecraft:stick":24,"minecraft:iron_pickaxe":1,"minecraft:iron_ingot":5,"minecraft:cooked_chicken":5,"minecraft:wooden_pickaxe":1,"minecraft:stone_pickaxe":1,"minecraft:wooden_axe":1,"minecraft:furnace":3,"minecraft:dark_oak_planks":104,"minecraft:stone_axe":1,"minecraft:air":0},"minecraft:custom":{"minecraft:time_since_rest":17208,"minecraft:interact_with_furnace":14,"minecraft:sprint_one_cm":88305,"minecraft:damage_taken":353,"minecraft:walk_one_cm":75650,"minecraft:mob_kills":5,"minecraft:drop":5,"minecraft:damage_dealt":279,"minecraft:swim_one_cm":8112,"minecraft:interact_with_crafting_table":5,"minecraft:fly_one_cm":151737,"minecraft:open_chest":6,"minecraft:crouch_one_cm":3711,"minecraft:play_time":17208,"minecraft:sneak_time":502,"minecraft:walk_under_water_one_cm":260,"minecraft:jump":423,"minecraft:leave_game":1,"minecraft:time_since_death":17208,"minecraft:walk_on_water_one_cm":486,"minecraft:climb_one_cm":1702,"minecraft:total_world_time":17208,"minecraft:fall_one_cm":11775},"minecraft:used":{"minecraft:dark_oak_planks":8,"minecraft:wooden_axe":18,"minecraft:stone_pickaxe":43,"minecraft:iron_pickaxe":14,"minecraft:wooden_pickaxe":39,"minecraft:cooked_chicken":5,"minecraft:stone_axe":14,"minecraft:dirt":3,"minecraft:crafting_table":4,"minecraft:furnace":3,"minecraft:egg":1}},"DataVersion":3465}