{"stats":{"minecraft:picked_up":{"minecraft:crafting_table":9,"minecraft:iron_chestplate":1,"minecraft:allium":1,"minecraft:azure_bluet":3,"minecraft:chicken":6,"iceandfire:witherbone":1,"minecraft:ladder":9,"minecraft:oak_stairs":15,"minecraft:wither_rose":2,"minecraft:enchanted_book":1,"minecraft:string":5,"minecraft:oak_hanging_sign":1,"minecraft:cracked_stone_bricks":31,"minecraft:gold_nugget":34,"minecraft:cobbled_deepslate":171,"minecraft:beef":74,"minecraft:calcite":1,"minecraft:poppy":1,"minecraft:iron_boots":1,"iceandfire:dragonscales_red":11,"minecraft:egg":1,"minecraft:furnace":14,"minecraft:raw_iron":19,"minecraft:stick":18,"iceandfire:dragonscales_gray":6,"iceandfire:dragonbone":14,"minecraft:oak_fence":8,"minecraft:torch":15,"minecraft:spruce_stairs":1,"epicfight:skillbook":5,"minecraft:stone_button":7,"minecraft:dark_oak_planks":8,"minecraft:quartz_block":6,"minecraft:arrow":15,"minecraft:rotten_flesh":9,"minecraft:diamond_chestplate":1,"minecraft:nether_bricks":1,"iceandfire:fire_dragon_heart":1,"minecraft:stripped_dark_oak_wood":2,"minecraft:mutton":4,"minecraft:iron_bars":8,"forbidden_arcanus:spawner_scrap":31,"minecraft:white_wool":7,"minecraft:cobblestone":56,"biomesoplenty:lavender":3,"minecraft:feather":7,"minecraft:cooked_beef":7,"minecraft:leather":2,"iceandfire:armor_red_chestplate":1,"minecraft:red_mushroom":1,"alexsmobs:bison_fur":7,"minecraft:flint":4,"forbidden_arcanus:dark_nether_star":1,"minecraft:tuff":16,"minecraft:gunpowder":1,"tombstone:voodoo_poppet":2,"minecraft:dirt":9,"minecraft:lantern":7,"biomesoplenty:glowing_moss_carpet":4,"minecraft:leather_boots":1,"minecraft:bone":9,"minecraft:stone_bricks":18,"minecraft:bow":3,"minecraft:wheat_seeds":1,"minecraft:iron_ingot":46,"minecraft:stripped_oak_wood":6,"minecraft:mossy_stone_bricks":8,"forbidden_arcanus:darkstone":11,"minecraft:oak_planks":28,"iceandfire:fire_dragon_flesh":4,"minecraft:smooth_basalt":2,"spartanweaponry:iron_saber":1,"endrem:witch_pupil":1,"iceandfire:ash":20,"minecraft:dandelion":4,"minecraft:gravel":31,"iceandfire:dragon_skull_fire":2,"minecraft:birch_stairs":1,"minecraft:spruce_sapling":1,"minecraft:nether_brick_stairs":1,"minecraft:nether_brick_slab":1,"minecraft:dark_oak_log":26,"minecraft:spider_eye":2,"minecraft:diamond":15,"minecraft:iron_helmet":3,"minecraft:diamond_axe":1,"minecraft:painting":6,"minecraft:gray_wool":1,"minecraft:spruce_sign":3,"swampier_swamps:frog_leg":5,"minecraft:coal":220,"minecraft:nether_star":2,"minecraft:diamond_pickaxe":4},"minecraft:killed":{"naturalist:zebra":1,"minecraft:vex":1,"minecraft:cave_spider":1,"minecraft:witch":1,"alexsmobs:raccoon":2,"minecraft:spider":8,"grimoireofgaia:minotaurus":2,"minecraft:wither":1,"minecraft:skeleton":18,"iceandfire:fire_dragon":2,"bloodandmadness:beast_patient":1,"minecraft:chicken":5,"bloodandmadness:huntsman_axe":1,"realmrpg_demons:chort":5,"alexsmobs:bison":9,"orcz:squig":1,"orcz:orcsavagemace":1,"riskofrain_mobs:lemurian_entity":3,"grimoireofgaia:bone_knight":1,"orcz:goblinsavagemace":1,"minecraft:rabbit":1,"minecraft:creeper":1,"minecraft:sheep":8,"minecraft:goat":1,"minecraft:zombie":17,"grimoireofgaia:siren":1,"grimoireofgaia:deathword":2,"minecraft:stray":9,"orcz:bigorcboss":1,"grimoireofgaia:harpy":2,"orcz:orcsavage_2sword":1,"orcz:orcshield":2,"apollyon:the_damned":3,"minecraft:cow":4},"minecraft:broken":{"minecraft:iron_leggings":1,"iceandfire:armor_gray_helmet":1,"minecraft:iron_sword":1,"minecraft:iron_pickaxe":1},"minecraft:crafted":{"minecraft:cooked_chicken":5,"minecraft:furnace":6,"minecraft:cooked_mutton":4,"iceandfire:armor_gray_helmet":1,"minecraft:stone_pickaxe":1,"minecraft:dark_oak_planks":104,"minecraft:cooked_beef":73,"minecraft:crafting_table":6,"minecraft:wooden_pickaxe":1,"minecraft:iron_helmet":1,"minecraft:iron_sword":1,"iceandfire:armor_red_chestplate":1,"minecraft:stone_axe":1,"minecraft:air":0,"minecraft:iron_chestplate":2,"minecraft:diamond_pickaxe":1,"minecraft:golden_apple":8,"minecraft:stick":24,"minecraft:iron_pickaxe":1,"minecraft:iron_ingot":19,"minecraft:wooden_axe":1,"minecraft:iron_leggings":1,"minecraft:torch":12},"minecraft:mined":{"minecraft:tuff":19,"minecraft:light_gray_stained_glass_pane":2,"minecraft:deepslate_diamond_ore":10,"minecraft:sculk_vein":2,"minecraft:dark_oak_log":27,"biomesoplenty:bush":1,"minecraft:grass_block":8,"minecraft:deepslate_bricks":2,"minecraft:spawner":52,"forbidden_arcanus:deepslate_arcane_crystal_ore":2,"minecraft:furnace":11,"minecraft:iron_ore":19,"minecraft:fire":12,"biomesoplenty:high_grass":11,"minecraft:iron_bars":16,"minecraft:stone":62,"minecraft:glass_pane":4,"minecraft:quartz_block":30,"biomesoplenty:glowworm_silk":3,"biomesoplenty:glowing_moss_carpet":1,"minecraft:soul_fire":4,"minecraft:powder_snow":3,"minecraft:torch":9,"minecraft:crafting_table":9,"biomesoplenty:high_grass_plant":4,"minecraft:tall_grass":1,"minecraft:cobblestone":4,"minecraft:wall_torch":7,"minecraft:oak_planks":8,"minecraft:cracked_deepslate_bricks":2,"minecraft:sculk":2,"forbidden_arcanus:darkstone":7,"minecraft:birch_leaves":1,"minecraft:lilac":2,"iceandfire:ash":4,"minecraft:grass":8,"minecraft:coal_ore":48,"minecraft:gravel":30,"minecraft:dirt":3,"minecraft:smooth_basalt":2,"minecraft:cobweb":1,"minecraft:cracked_stone_bricks":2,"minecraft:stone_bricks":2,"minecraft:netherrack":1,"realmrpg_skeletons:unsaved_skeleton":1,"minecraft:oak_leaves":4,"minecraft:deepslate":153,"minecraft:fern":3},"minecraft:custom":{"minecraft:mob_kills":126,"minecraft:interact_with_crafting_table":19,"minecraft:open_barrel":3,"minecraft:damage_dealt_resisted":2984,"minecraft:eat_cake_slice":2,"minecraft:leave_game":11,"minecraft:time_since_death":8546,"minecraft:climb_one_cm":9160,"minecraft:damage_resisted":53,"minecraft:sprint_one_cm":1609685,"minecraft:walk_one_cm":1198860,"minecraft:drop":126,"minecraft:play_time":215109,"minecraft:sneak_time":22709,"minecraft:deaths":16,"minecraft:walk_under_water_one_cm":5908,"minecraft:jump":5020,"minecraft:interact_with_blast_furnace":10,"tombstone:kill_undead_boss":1,"minecraft:walk_on_water_one_cm":13272,"minecraft:total_world_time":215109,"minecraft:interact_with_furnace":70,"tombstone:raider_killed":1,"minecraft:time_since_rest":7228,"minecraft:damage_taken":12612,"minecraft:damage_absorbed":219,"minecraft:damage_dealt":35822,"minecraft:swim_one_cm":40889,"minecraft:fly_one_cm":1733123,"minecraft:open_chest":177,"minecraft:crouch_one_cm":216015,"tombstone:undead_killed":46,"minecraft:fall_one_cm":135543},"minecraft:killed_by":{"alexsmobs:bison":2,"apollyon:the_damned":2,"minecraft:warden":1,"grimoireofgaia:minotaurus":2,"minecraft:witch":2,"minecraft:wither":1,"iceandfire:fire_dragon":3},"minecraft:dropped":{"minecraft:nether_brick_stairs":1,"minecraft:enchanted_book":1,"minecraft:spruce_sign":5,"minecraft:golden_boots":1,"minecraft:iron_ingot":46,"minecraft:wheat_seeds":1,"wom:diamond_legbottomseal":1,"minecraft:smooth_quartz_stairs":1,"biomesoplenty:lavender":3,"minecraft:oak_fence":8,"minecraft:iron_helmet":4,"minecraft:feather":7,"iceandfire:fire_dragon_flesh":4,"minecraft:lantern":7,"minecraft:apple":16,"minecraft:cracked_stone_bricks":16,"alexsmobs:bison_fur":7,"minecraft:stick":27,"minecraft:flint":4,"minecraft:dirt":3,"minecraft:stone_button":2,"minecraft:wooden_axe":1,"swampier_swamps:frog_leg":5,"minecraft:stripped_dark_oak_wood":2,"forbidden_arcanus:spawner_scrap":11,"iceandfire:dragonscales_red":3,"tombstone:grave_dust":1,"minecraft:iron_leggings":1,"minecraft:oak_stairs":15,"minecraft:gold_nugget":26,"minecraft:wither_rose":3,"forbidden_arcanus:darkstone":9,"minecraft:stripped_oak_wood":6,"minecraft:string":1,"minecraft:white_wool":4,"tombstone:voodoo_poppet":3,"iceandfire:dragon_skull_fire":2,"minecraft:spruce_sapling":1,"iceandfire:dragonbone":14,"minecraft:dandelion":4,"minecraft:bone":4,"minecraft:gravel":10,"iceandfire:armor_red_chestplate":2,"iceandfire:dragonscales_gray":1,"minecraft:furnace":6,"minecraft:stone_axe":1,"minecraft:compass":1,"minecraft:dark_oak_sign":1,"minecraft:cobbled_deepslate":39,"minecraft:tuff":16,"iceandfire:witherbone":1,"minecraft:rotten_flesh":9,"minecraft:iron_boots":3,"spartanweaponry:iron_saber":1,"minecraft:cooked_mutton":3,"minecraft:azure_bluet":3,"biomesoplenty:glowing_moss_carpet":2,"butcher:butchersguidebook":1,"minecraft:gunpowder":1,"minecraft:allium":1,"minecraft:spruce_planks":2,"minecraft:diamond_pickaxe":4,"minecraft:iron_chestplate":1,"minecraft:quartz_block":1,"minecraft:ladder":8,"minecraft:spider_eye":1,"minecraft:stone_bricks":1,"minecraft:iron_bars":2,"iceandfire:fire_dragon_heart":1,"minecraft:arrow":4,"minecraft:bow":2,"minecraft:stone_pickaxe":1,"minecraft:wooden_pickaxe":1,"minecraft:calcite":5,"epicfight:skillbook":4},"minecraft:used":{"minecraft:iron_bars":6,"minecraft:ladder":1,"minecraft:poppy":1,"minecraft:iron_sword":309,"minecraft:cooked_chicken":5,"minecraft:iron_chestplate":1,"minecraft:torch":38,"minecraft:dirt":3,"minecraft:spruce_stairs":1,"minecraft:nether_brick_slab":1,"minecraft:dark_oak_planks":27,"minecraft:wooden_axe":18,"minecraft:smooth_basalt":2,"minecraft:furnace":11,"tombstone:gift":2,"minecraft:egg":1,"minecraft:cooked_beef":83,"minecraft:enchanted_golden_apple":1,"minecraft:cobbled_deepslate":58,"minecraft:cooked_mutton":4,"epicfight:skillbook":8,"minecraft:oak_planks":24,"minecraft:stone_pickaxe":43,"minecraft:wooden_pickaxe":39,"minecraft:diamond_axe":1,"minecraft:golden_apple":4,"minecraft:crafting_table":13,"minecraft:diamond_pickaxe":146,"forbidden_arcanus:darkstone":2,"minecraft:iron_pickaxe":251,"iceandfire:ash":1,"tombstone:grave_key":17,"minecraft:bread":31,"minecraft:stone_button":5,"minecraft:gravel":2,"minecraft:stone_axe":27,"minecraft:diamond_sword":459,"minecraft:cobblestone":26,"minecraft:birch_stairs":1,"minecraft:oak_hanging_sign":1}},"DataVersion":3465}