{"stats":{"minecraft:mined":{"minecraft:sculk_vein":2,"minecraft:jungle_leaves":2,"minecraft:acacia_log":6,"minecraft:grass_block":9,"minecraft:deepslate_bricks":2,"minecraft:spawner":52,"minecraft:iron_ore":19,"minecraft:fire":12,"minecraft:iron_bars":16,"minecraft:quartz_block":30,"biomesoplenty:glowing_moss_carpet":1,"biomesoplenty:glowworm_silk":3,"minecraft:soul_fire":4,"minecraft:powder_snow":3,"minecraft:torch":9,"minecraft:cobblestone":4,"minecraft:oak_planks":11,"minecraft:wall_torch":7,"minecraft:seagrass":1,"forbidden_arcanus:darkstone":7,"minecraft:yellow_wool":3,"minecraft:lilac":2,"minecraft:grass":13,"minecraft:oak_log":27,"minecraft:sand":15,"minecraft:dirt":3,"minecraft:smooth_basalt":2,"minecraft:potted_red_tulip":1,"minecraft:netherrack":1,"realmrpg_skeletons:unsaved_skeleton":1,"minecraft:oak_leaves":7,"minecraft:deepslate":153,"minecraft:tuff":19,"minecraft:light_gray_stained_glass_pane":2,"minecraft:deepslate_diamond_ore":10,"biomesoplenty:desert_grass":3,"minecraft:dark_oak_log":27,"biomesoplenty:bush":1,"minecraft:decorated_pot":1,"forbidden_arcanus:deepslate_arcane_crystal_ore":2,"minecraft:furnace":12,"biomesoplenty:high_grass":11,"minecraft:bamboo":9,"minecraft:stone":64,"minecraft:smithing_table":1,"minecraft:glass_pane":5,"minecraft:crafting_table":14,"minecraft:rose_bush":1,"biomesoplenty:high_grass_plant":4,"minecraft:tall_grass":1,"minecraft:cracked_deepslate_bricks":2,"minecraft:sculk":2,"minecraft:birch_leaves":1,"iceandfire:ash":4,"minecraft:coal_ore":48,"minecraft:gravel":30,"minecraft:cobweb":1,"minecraft:cracked_stone_bricks":2,"minecraft:acacia_planks":3,"minecraft:stone_bricks":2,"minecraft:fern":4},"minecraft:killed_by":{"bloodandmadness:huntsman_axe":1,"grimoireofgaia:minotaurus":2,"minecraft:witch":2,"iceandfire:fire_dragon":4,"alexsmobs:bison":2,"apollyon:the_damned":2,"minecraft:warden":1,"minecraft:skeleton":1,"minecraft:wither":1},"minecraft:dropped":{"minecraft:nether_brick_stairs":1,"minecraft:spruce_sign":5,"wom:diamond_legbottomseal":1,"minecraft:decorated_pot":1,"iceandfire:fire_dragon_flesh":4,"minecraft:lantern":7,"minecraft:cracked_stone_bricks":16,"epicfight:stray_hat":1,"alexsmobs:bison_fur":7,"minecraft:flint":4,"minecraft:dirt":4,"minecraft:stone_button":2,"minecraft:stripped_dark_oak_wood":2,"iceandfire:dragonscales_red":3,"minecraft:gold_nugget":27,"forbidden_arcanus:darkstone":9,"minecraft:stripped_oak_wood":6,"minecraft:white_wool":10,"epicfight:stray_robe":1,"minecraft:bone":7,"minecraft:gravel":10,"biomesoplenty:toadstool":1,"minecraft:stone_axe":1,"minecraft:compass":1,"minecraft:iron_nugget":5,"minecraft:cobbled_deepslate":39,"minecraft:yellow_wool":1,"minecraft:wheat":5,"minecraft:rotten_flesh":22,"spartanweaponry:iron_saber":1,"minecraft:cooked_mutton":3,"minecraft:azure_bluet":3,"biomesoplenty:glowing_moss_carpet":2,"minecraft:gunpowder":1,"minecraft:quartz_block":1,"minecraft:ladder":8,"minecraft:iron_bars":2,"minecraft:arrow":4,"minecraft:glass":3,"minecraft:enchanted_book":1,"minecraft:golden_boots":1,"minecraft:iron_ingot":46,"minecraft:wheat_seeds":1,"minecraft:smooth_quartz_stairs":1,"biomesoplenty:lavender":3,"minecraft:oak_fence":8,"minecraft:iron_helmet":5,"minecraft:feather":7,"minecraft:apple":16,"minecraft:explorer_pottery_sherd":1,"minecraft:chainmail_helmet":1,"minecraft:stick":27,"minecraft:gray_wool":1,"minecraft:wooden_axe":1,"swampier_swamps:frog_leg":5,"grimoireofgaia:taproot":2,"forbidden_arcanus:spawner_scrap":11,"tombstone:grave_dust":2,"minecraft:iron_leggings":1,"minecraft:oak_stairs":15,"minecraft:wither_rose":4,"minecraft:string":1,"tombstone:voodoo_poppet":3,"epicfight:stray_pants":1,"iceandfire:dragon_skull_fire":2,"minecraft:spruce_sapling":1,"iceandfire:dragonbone":14,"minecraft:dandelion":4,"minecraft:redstone":1,"iceandfire:armor_red_chestplate":2,"minecraft:furnace":6,"iceandfire:dragonscales_gray":1,"minecraft:kelp":2,"minecraft:dark_oak_sign":1,"grimoireofgaia:bag_book":1,"minecraft:tuff":16,"iceandfire:witherbone":1,"minecraft:iron_boots":3,"minecraft:spruce_fence":2,"butcher:butchersguidebook":1,"minecraft:allium":1,"minecraft:spruce_planks":2,"minecraft:iron_chestplate":2,"minecraft:diamond_pickaxe":5,"minecraft:oak_sapling":1,"minecraft:spider_eye":1,"minecraft:stone_bricks":1,"minecraft:bamboo":50,"minecraft:bow":2,"iceandfire:fire_dragon_heart":1,"minecraft:stone_pickaxe":1,"minecraft:wooden_pickaxe":1,"minecraft:calcite":5,"epicfight:skillbook":8},"minecraft:killed":{"naturalist:zebra":1,"minecraft:cave_spider":1,"minecraft:witch":1,"minecraft:spider":8,"grimoireofgaia:minotaurus":2,"minecraft:wither":1,"grimoireofgaia:orc":1,"minecraft:skeleton":22,"bloodandmadness:beast_patient":2,"minecraft:chicken":5,"realmrpg_demons:chort":6,"orcz:squig":1,"grimoireofgaia:spriggan":1,"iceandfire:myrmex_worker":1,"minecraft:pig":1,"orcz:goblinsavagemace":1,"riskofrain_mobs:lemurian_entity":5,"grimoireofgaia:bone_knight":1,"minecraft:creeper":1,"grimoireofgaia:hunter":1,"iceandfire:cockatrice":1,"minecraft:sheep":8,"minecraft:goat":1,"minecraft:zombie":21,"grimoireofgaia:siren":1,"grimoireofgaia:deathword":2,"grimoireofgaia:harpy":4,"orcz:bigorcboss":1,"minecraft:stray":10,"orcz:orcsavage_2sword":1,"apollyon:the_damned":5,"orcz:orcshield":2,"minecraft:cow":8,"grimoireofgaia:shaman":1,"minecraft:vex":1,"alexsmobs:raccoon":2,"iceandfire:fire_dragon":2,"bloodandmadness:huntsman_axe":1,"alexsmobs:bison":9,"orcz:orcsavagemace":1,"minecraft:husk":10,"minecraft:rabbit":1},"minecraft:used":{"minecraft:ladder":1,"minecraft:poppy":1,"minecraft:iron_sword":309,"minecraft:iron_chestplate":1,"minecraft:bow":16,"minecraft:dark_oak_boat":4,"minecraft:furnace":12,"minecraft:egg":1,"epicfight:skillbook":14,"minecraft:stone_pickaxe":43,"minecraft:oak_planks":88,"minecraft:wooden_pickaxe":39,"minecraft:diamond_axe":50,"minecraft:golden_apple":8,"forbidden_arcanus:darkstone":2,"minecraft:bread":41,"minecraft:stone_button":5,"tombstone:grave_key":22,"grimoireofgaia:rotten_heart":1,"minecraft:gravel":2,"minecraft:diamond_sword":758,"minecraft:smithing_table":1,"minecraft:oak_hanging_sign":1,"minecraft:iron_bars":6,"minecraft:cooked_chicken":8,"minecraft:torch":38,"minecraft:dirt":3,"minecraft:spruce_stairs":1,"minecraft:nether_brick_slab":1,"minecraft:dark_oak_planks":27,"minecraft:wooden_axe":18,"minecraft:smooth_basalt":2,"tombstone:gift":4,"minecraft:acacia_planks":23,"minecraft:cooked_beef":110,"minecraft:enchanted_golden_apple":2,"minecraft:cobbled_deepslate":98,"minecraft:cooked_mutton":4,"minecraft:crafting_table":18,"bosses_of_mass_destruction:soul_star":1,"minecraft:diamond_pickaxe":150,"minecraft:diamond_shovel":17,"minecraft:iron_pickaxe":251,"iceandfire:ash":1,"minecraft:stone_axe":27,"minecraft:cobblestone":28,"travelersbackpack:standard":1,"minecraft:cooked_porkchop":2,"minecraft:wither_rose":1,"minecraft:birch_stairs":1},"minecraft:broken":{"minecraft:iron_boots":1,"minecraft:iron_leggings":1,"minecraft:iron_sword":1,"iceandfire:armor_gray_helmet":1,"minecraft:iron_pickaxe":1},"minecraft:crafted":{"minecraft:oak_planks":108,"minecraft:dark_oak_boat":2,"minecraft:cooked_chicken":5,"travelersbackpack:yellow_sleeping_bag":1,"minecraft:cooked_mutton":4,"minecraft:glass":12,"iceandfire:armor_gray_helmet":1,"minecraft:chest":1,"minecraft:crafting_table":6,"travelersbackpack:standard":2,"minecraft:wooden_pickaxe":1,"minecraft:iron_helmet":1,"iceandfire:armor_red_chestplate":1,"minecraft:smithing_table":1,"minecraft:iron_chestplate":2,"minecraft:diamond_pickaxe":1,"minecraft:stick":28,"minecraft:iron_ingot":19,"minecraft:iron_pickaxe":1,"minecraft:furnace":6,"minecraft:stone_pickaxe":1,"minecraft:dark_oak_planks":104,"minecraft:cooked_beef":73,"travelersbackpack:backpack_tank":2,"minecraft:iron_sword":1,"minecraft:stone_axe":1,"minecraft:air":0,"minecraft:golden_apple":8,"minecraft:wooden_axe":1,"minecraft:iron_leggings":1,"minecraft:acacia_planks":20,"minecraft:torch":12},"minecraft:picked_up":{"minecraft:iron_chestplate":2,"minecraft:wheat":5,"minecraft:yellow_wool":3,"minecraft:smithing_table":1,"minecraft:oak_stairs":15,"minecraft:wither_rose":4,"minecraft:enchanted_book":1,"minecraft:string":5,"minecraft:oak_hanging_sign":1,"minecraft:explorer_pottery_sherd":1,"minecraft:cobbled_deepslate":171,"minecraft:gold_nugget":35,"bosses_of_mass_destruction:soul_star":1,"minecraft:spruce_planks":6,"minecraft:calcite":1,"iceandfire:dragonscales_red":11,"minecraft:furnace":15,"minecraft:iron_boots":1,"grimoireofgaia:taproot":2,"minecraft:tipped_arrow":64,"minecraft:stick":18,"minecraft:oak_fence":8,"minecraft:torch":15,"minecraft:acacia_log":5,"minecraft:spruce_stairs":1,"epicfight:skillbook":9,"tombstone:grave_dust":1,"minecraft:quartz_block":6,"minecraft:rotten_flesh":22,"iceandfire:fire_dragon_heart":1,"epicfight:stray_robe":1,"minecraft:iron_bars":8,"minecraft:cobblestone":58,"biomesoplenty:lavender":3,"minecraft:feather":7,"minecraft:cooked_beef":16,"minecraft:dark_oak_boat":2,"iceandfire:armor_red_chestplate":1,"alexsmobs:bison_fur":7,"minecraft:flint":4,"minecraft:tuff":16,"minecraft:dirt":10,"minecraft:lantern":7,"minecraft:leather_boots":1,"minecraft:glass":3,"minecraft:bone":13,"minecraft:acacia_planks":4,"minecraft:bow":4,"minecraft:wheat_seeds":1,"minecraft:mossy_stone_bricks":8,"minecraft:bamboo":50,"minecraft:oak_planks":31,"biomesoplenty:toadstool":1,"spartanweaponry:iron_saber":1,"minecraft:cooked_porkchop":2,"minecraft:stripped_acacia_wood":1,"iceandfire:dragon_skull_fire":2,"minecraft:sand":15,"minecraft:nether_brick_stairs":1,"minecraft:dark_oak_log":26,"minecraft:diamond":15,"minecraft:chainmail_helmet":1,"minecraft:spruce_sign":3,"minecraft:oak_sapling":1,"minecraft:nether_star":2,"minecraft:diamond_pickaxe":5,"minecraft:crafting_table":14,"minecraft:allium":1,"minecraft:azure_bluet":3,"iceandfire:witherbone":2,"minecraft:chicken":6,"minecraft:ladder":9,"epicfight:stray_pants":1,"epicfight:stray_hat":1,"minecraft:cracked_stone_bricks":31,"minecraft:beef":74,"minecraft:iron_nugget":5,"minecraft:poppy":1,"minecraft:egg":1,"minecraft:raw_iron":19,"iceandfire:dragonbone":14,"iceandfire:dragonscales_gray":6,"grimoireofgaia:meat":2,"minecraft:spruce_fence":2,"minecraft:stone_button":7,"minecraft:redstone":1,"minecraft:dark_oak_planks":8,"minecraft:arrow":17,"minecraft:diamond_chestplate":1,"grimoireofgaia:bag_book":2,"minecraft:decorated_pot":1,"minecraft:nether_bricks":1,"minecraft:stripped_dark_oak_wood":2,"minecraft:mutton":4,"forbidden_arcanus:spawner_scrap":31,"minecraft:white_wool":11,"minecraft:leather":7,"minecraft:red_mushroom":1,"forbidden_arcanus:dark_nether_star":1,"minecraft:oak_log":27,"minecraft:gunpowder":1,"tombstone:voodoo_poppet":2,"biomesoplenty:glowing_moss_carpet":4,"minecraft:stone_bricks":18,"minecraft:kelp":2,"minecraft:iron_ingot":46,"minecraft:cooked_chicken":3,"minecraft:stripped_oak_wood":6,"iceandfire:fire_dragon_flesh":4,"forbidden_arcanus:darkstone":11,"minecraft:smooth_basalt":2,"endrem:witch_pupil":1,"iceandfire:ash":20,"minecraft:dandelion":4,"minecraft:gravel":31,"minecraft:birch_stairs":1,"minecraft:spruce_sapling":1,"minecraft:nether_brick_slab":1,"minecraft:spider_eye":2,"minecraft:iron_helmet":3,"minecraft:diamond_axe":1,"minecraft:painting":6,"minecraft:gray_wool":1,"grimoireofgaia:rotten_heart":1,"swampier_swamps:frog_leg":5,"minecraft:coal":280},"minecraft:custom":{"minecraft:interact_with_crafting_table":31,"minecraft:open_barrel":16,"minecraft:eat_cake_slice":2,"minecraft:leave_game":12,"minecraft:time_since_death":2181,"minecraft:damage_resisted":374,"minecraft:sprint_one_cm":2100440,"minecraft:drop":169,"minecraft:play_time":298266,"minecraft:deaths":20,"minecraft:jump":7252,"tombstone:kill_undead_boss":1,"minecraft:walk_on_water_one_cm":34969,"minecraft:interact_with_furnace":81,"minecraft:damage_dealt":49039,"minecraft:crouch_one_cm":223104,"tombstone:undead_killed":65,"minecraft:interact_with_smithing_table":2,"minecraft:mob_kills":168,"minecraft:damage_dealt_resisted":4350,"minecraft:climb_one_cm":16095,"minecraft:walk_one_cm":1519662,"minecraft:sneak_time":24242,"minecraft:walk_under_water_one_cm":34853,"minecraft:boat_one_cm":294697,"minecraft:interact_with_blast_furnace":10,"minecraft:total_world_time":298266,"tombstone:raider_killed":1,"minecraft:time_since_rest":1949,"minecraft:damage_taken":16830,"minecraft:damage_absorbed":511,"minecraft:swim_one_cm":104814,"minecraft:fly_one_cm":2507668,"minecraft:open_chest":233,"minecraft:fall_one_cm":208198}},"DataVersion":3465}