{"stats":{"minecraft:mined":{"minecraft:stone_pressure_plate":1,"minecraft:sculk_vein":2,"minecraft:jungle_leaves":2,"minecraft:acacia_log":6,"minecraft:grass_block":9,"minecraft:deepslate_bricks":2,"minecraft:spawner":77,"minecraft:iron_ore":19,"minecraft:fire":12,"minecraft:black_carpet":2,"minecraft:anvil":1,"minecraft:nether_brick_stairs":1,"biomesoplenty:webbing":5,"minecraft:iron_bars":30,"minecraft:quartz_block":33,"biomesoplenty:glowing_moss_carpet":1,"biomesoplenty:glowworm_silk":3,"minecraft:soul_fire":4,"iceandfire:dragon_ice_spikes":10,"minecraft:powder_snow":3,"minecraft:torch":10,"minecraft:cobblestone":4,"minecraft:oak_planks":15,"minecraft:wall_torch":9,"minecraft:seagrass":1,"forbidden_arcanus:darkstone":7,"minecraft:yellow_wool":3,"minecraft:lilac":2,"minecraft:grass":15,"minecraft:oak_log":27,"minecraft:sand":15,"minecraft:dirt":6,"minecraft:smooth_basalt":2,"minecraft:potted_red_tulip":1,"minecraft:netherrack":2,"realmrpg_skeletons:unsaved_skeleton":1,"minecraft:oak_leaves":8,"minecraft:deepslate":153,"minecraft:diamond_ore":1,"minecraft:tuff":19,"minecraft:light_gray_stained_glass_pane":2,"minecraft:deepslate_diamond_ore":10,"biomesoplenty:desert_grass":3,"minecraft:dark_oak_log":27,"iceandfire:frozen_cobblestone":3,"minecraft:nether_bricks":1,"biomesoplenty:bush":1,"iceandfire:frozen_stone":1,"minecraft:decorated_pot":1,"forbidden_arcanus:deepslate_arcane_crystal_ore":2,"minecraft:furnace":12,"biomesoplenty:high_grass":11,"minecraft:bamboo":9,"minecraft:stone":64,"minecraft:smithing_table":2,"minecraft:glass_pane":5,"minecraft:crafting_table":17,"realmrpg_skeletons:basic_skeleton":1,"minecraft:rose_bush":1,"biomesoplenty:high_grass_plant":4,"minecraft:tall_grass":1,"minecraft:cracked_deepslate_bricks":2,"minecraft:sculk":2,"minecraft:birch_leaves":1,"iceandfire:ash":4,"minecraft:coal_ore":48,"minecraft:gravel":30,"minecraft:cobweb":1,"minecraft:cracked_stone_bricks":2,"minecraft:acacia_planks":3,"minecraft:polished_andesite":2,"minecraft:stone_bricks":2,"minecraft:mossy_stone_bricks":1,"minecraft:fern":6},"minecraft:killed_by":{"minecraft:wither_skeleton":2,"bloodandmadness:huntsman_axe":1,"grimoireofgaia:minotaurus":2,"minecraft:witch":2,"iceandfire:fire_dragon":4,"alexsmobs:bison":2,"apollyon:the_damned":2,"minecraft:warden":1,"minecraft:hoglin":1,"minecraft:skeleton":1,"iceandfire:lightning_dragon":1,"minecraft:wither":1},"minecraft:dropped":{"minecraft:nether_brick_stairs":1,"minecraft:spruce_sign":5,"wom:diamond_legbottomseal":1,"netherdungeons:hoglin_leg":12,"minecraft:decorated_pot":1,"iceandfire:fire_dragon_flesh":4,"minecraft:lantern":7,"minecraft:leather":8,"iceandfire:dragonscales_copper":2,"minecraft:cracked_stone_bricks":17,"epicfight:stray_hat":1,"alexsmobs:bison_fur":7,"minecraft:flint":4,"minecraft:dirt":4,"minecraft:stone_button":2,"minecraft:stripped_dark_oak_wood":2,"iceandfire:dragonscales_red":3,"minecraft:gold_nugget":27,"iceandfire:armor_copper_helmet":1,"forbidden_arcanus:darkstone":9,"minecraft:stripped_oak_wood":6,"minecraft:white_wool":10,"epicfight:stray_robe":2,"minecraft:bone":43,"minecraft:gravel":12,"biomesoplenty:toadstool":1,"minecraft:stone_axe":1,"minecraft:compass":1,"minecraft:iron_nugget":6,"minecraft:cobbled_deepslate":39,"minecraft:black_carpet":2,"wom:netherite_manicle":1,"minecraft:yellow_wool":1,"minecraft:wheat":9,"minecraft:rotten_flesh":30,"spartanweaponry:iron_saber":1,"minecraft:cooked_mutton":3,"minecraft:azure_bluet":3,"iceandfire:crackled_gravel":1,"biomesoplenty:glowing_moss_carpet":2,"minecraft:tipped_arrow":1,"minecraft:gunpowder":1,"minecraft:quartz_block":2,"minecraft:ladder":8,"minecraft:iron_bars":8,"minecraft:arrow":6,"minecraft:glass":3,"grimoireofgaia:meat":2,"minecraft:written_book":1,"iceandfire:manuscript":1,"minecraft:enchanted_book":1,"minecraft:golden_boots":1,"minecraft:iron_ingot":46,"minecraft:wheat_seeds":8,"minecraft:smooth_quartz_stairs":1,"biomesoplenty:lavender":3,"minecraft:oak_fence":8,"minecraft:iron_helmet":6,"minecraft:feather":7,"minecraft:apple":16,"minecraft:explorer_pottery_sherd":1,"minecraft:spruce_door":1,"minecraft:chainmail_helmet":1,"minecraft:stick":28,"minecraft:gray_wool":1,"minecraft:wooden_axe":2,"swampier_swamps:frog_leg":5,"grimoireofgaia:taproot":2,"forbidden_arcanus:spawner_scrap":17,"tombstone:grave_dust":2,"minecraft:iron_leggings":2,"minecraft:oak_stairs":17,"minecraft:wither_rose":6,"minecraft:string":4,"tombstone:voodoo_poppet":3,"epicfight:stray_pants":1,"iceandfire:dragon_skull_fire":2,"minecraft:spruce_sapling":1,"iceandfire:dragonbone":21,"minecraft:dandelion":4,"minecraft:redstone":1,"iceandfire:armor_red_chestplate":2,"minecraft:furnace":6,"iceandfire:dragonscales_gray":1,"minecraft:kelp":2,"minecraft:dark_oak_sign":1,"minecraft:raw_copper":5,"grimoireofgaia:bag_book":1,"minecraft:tuff":16,"iceandfire:witherbone":1,"minecraft:iron_boots":3,"minecraft:spruce_fence":2,"iceandfire:dragon_ice":3,"butcher:butchersguidebook":1,"minecraft:allium":1,"bloodandmadness:sanguisteel_nugget":1,"minecraft:spruce_planks":2,"minecraft:iron_chestplate":3,"minecraft:diamond_pickaxe":5,"minecraft:oak_sapling":1,"minecraft:spider_eye":2,"minecraft:stone_bricks":2,"minecraft:bamboo":50,"minecraft:bow":2,"iceandfire:fire_dragon_heart":1,"minecraft:stone_pickaxe":2,"minecraft:wooden_pickaxe":1,"minecraft:calcite":5,"iceandfire:dragon_skull_lightning":1,"epicfight:skillbook":9},"minecraft:killed":{"naturalist:zebra":1,"minecraft:cave_spider":2,"minecraft:witch":1,"minecraft:spider":16,"grimoireofgaia:minotaurus":2,"iceandfire:stymphalian_bird":1,"minecraft:wither":1,"grimoireofgaia:orc":1,"minecraft:skeleton":45,"bloodandmadness:beast_patient":2,"minecraft:chicken":5,"realmrpg_demons:chort":6,"orcz:squig":1,"grimoireofgaia:spriggan":1,"iceandfire:myrmex_worker":1,"minecraft:pig":1,"orcz:goblinsavagemace":1,"riskofrain_mobs:lemurian_entity":5,"grimoireofgaia:bone_knight":1,"minecraft:creeper":9,"grimoireofgaia:hunter":1,"iceandfire:cockatrice":1,"minecraft:sheep":8,"minecraft:goat":1,"minecraft:zombie":45,"grimoireofgaia:siren":1,"grimoireofgaia:deathword":2,"grimoireofgaia:harpy":4,"orcz:bigorcboss":1,"minecraft:stray":13,"iceandfire:lightning_dragon":1,"orcz:orcsavage_2sword":1,"apollyon:the_damned":6,"orcz:orcshield":2,"minecraft:cow":8,"grimoireofgaia:shaman":1,"minecraft:vex":1,"alexsmobs:raccoon":2,"minecraft:phantom":5,"iceandfire:fire_dragon":2,"bloodandmadness:huntsman_axe":1,"grimoireofgaia:creep":1,"alexsmobs:bison":9,"orcz:orcsavagemace":1,"minecraft:husk":11,"minecraft:rabbit":1,"minecraft:hoglin":10,"grimoireofgaia:oni":1,"iceandfire:ice_dragon":2,"minecraft:wither_skeleton":24},"minecraft:used":{"minecraft:writable_book":1,"minecraft:ladder":1,"minecraft:poppy":1,"minecraft:iron_sword":309,"minecraft:iron_chestplate":1,"iceandfire:cannoli":1,"minecraft:quartz_block":1,"minecraft:bow":375,"minecraft:dark_oak_boat":4,"minecraft:written_book":1,"minecraft:furnace":12,"minecraft:egg":1,"minecraft:mossy_stone_bricks":2,"epicfight:skillbook":15,"minecraft:chorus_fruit":2,"minecraft:stone_pickaxe":43,"minecraft:oak_planks":104,"minecraft:wooden_pickaxe":39,"minecraft:diamond_axe":58,"minecraft:golden_apple":17,"forbidden_arcanus:darkstone":2,"minecraft:bread":56,"minecraft:stone_button":5,"tombstone:grave_key":25,"grimoireofgaia:rotten_heart":1,"minecraft:gravel":2,"minecraft:diamond_sword":995,"minecraft:smithing_table":2,"minecraft:oak_hanging_sign":1,"minecraft:iron_bars":6,"minecraft:cooked_chicken":8,"minecraft:torch":48,"minecraft:dirt":3,"minecraft:anvil":1,"minecraft:spruce_stairs":1,"minecraft:nether_brick_slab":1,"minecraft:dark_oak_planks":27,"minecraft:wooden_axe":18,"minecraft:iron_boots":1,"minecraft:smooth_basalt":2,"minecraft:golden_carrot":14,"tombstone:gift":4,"minecraft:acacia_planks":23,"minecraft:cooked_beef":115,"minecraft:enchanted_golden_apple":2,"minecraft:cobbled_deepslate":118,"minecraft:cooked_mutton":4,"minecraft:crafting_table":23,"bosses_of_mass_destruction:soul_star":1,"minecraft:diamond_pickaxe":223,"minecraft:diamond_shovel":17,"minecraft:iron_pickaxe":251,"iceandfire:ash":1,"minecraft:stone_axe":27,"minecraft:cobblestone":28,"travelersbackpack:standard":4,"minecraft:cooked_porkchop":7,"minecraft:wither_rose":1,"minecraft:birch_stairs":1},"minecraft:broken":{"minecraft:iron_boots":2,"minecraft:iron_leggings":1,"minecraft:iron_sword":1,"minecraft:diamond_leggings":1,"iceandfire:armor_gray_helmet":1,"minecraft:iron_pickaxe":1,"minecraft:iron_helmet":1},"minecraft:crafted":{"minecraft:oak_planks":108,"minecraft:dark_oak_boat":2,"minecraft:cooked_chicken":5,"travelersbackpack:yellow_sleeping_bag":1,"minecraft:cooked_mutton":4,"minecraft:glass":12,"minecraft:iron_boots":1,"iceandfire:armor_gray_helmet":1,"minecraft:chest":1,"minecraft:crafting_table":8,"travelersbackpack:standard":2,"minecraft:wooden_pickaxe":1,"minecraft:iron_helmet":1,"iceandfire:armor_red_chestplate":1,"minecraft:smithing_table":1,"minecraft:iron_chestplate":2,"minecraft:diamond_pickaxe":1,"minecraft:stick":32,"minecraft:iron_ingot":19,"minecraft:iron_pickaxe":1,"minecraft:iron_block":3,"iceandfire:armor_copper_helmet":2,"minecraft:furnace":6,"minecraft:stone_pickaxe":1,"minecraft:dark_oak_planks":104,"minecraft:cooked_beef":73,"travelersbackpack:backpack_tank":2,"minecraft:iron_sword":1,"minecraft:stone_axe":1,"minecraft:air":0,"minecraft:golden_apple":8,"minecraft:wooden_axe":1,"minecraft:iron_leggings":1,"minecraft:anvil":1,"minecraft:acacia_planks":20,"minecraft:torch":16},"minecraft:picked_up":{"minecraft:wooden_axe":1,"minecraft:iron_chestplate":4,"minecraft:black_carpet":2,"minecraft:wheat":9,"minecraft:anvil":1,"minecraft:yellow_wool":3,"minecraft:smithing_table":2,"minecraft:oak_stairs":17,"minecraft:potion":1,"minecraft:wither_rose":6,"minecraft:enchanted_book":2,"minecraft:string":10,"minecraft:raw_copper":5,"minecraft:oak_hanging_sign":1,"minecraft:explorer_pottery_sherd":1,"minecraft:iron_leggings":1,"minecraft:cobbled_deepslate":171,"minecraft:gold_nugget":35,"bosses_of_mass_destruction:soul_star":2,"minecraft:spruce_planks":11,"minecraft:calcite":1,"iceandfire:dragonscales_red":11,"minecraft:furnace":15,"minecraft:iron_boots":1,"grimoireofgaia:taproot":2,"minecraft:tipped_arrow":69,"minecraft:stick":19,"minecraft:oak_fence":8,"minecraft:torch":22,"minecraft:acacia_log":5,"minecraft:spruce_stairs":1,"epicfight:skillbook":14,"iceandfire:crackled_gravel":1,"tombstone:grave_dust":11,"minecraft:quartz_block":8,"minecraft:rotten_flesh":64,"iceandfire:fire_dragon_heart":1,"epicfight:stray_robe":3,"bloodandmadness:blood_stone_shard":1,"minecraft:iron_bars":24,"minecraft:cobblestone":58,"biomesoplenty:lavender":3,"epicfight:stone_spear":1,"iceandfire:armor_silver_chestplate":1,"minecraft:feather":7,"minecraft:cooked_beef":16,"minecraft:golden_leggings":1,"minecraft:dark_oak_boat":2,"iceandfire:armor_red_chestplate":1,"alexsmobs:bison_fur":7,"minecraft:flint":4,"minecraft:tuff":16,"minecraft:dirt":10,"minecraft:lantern":7,"minecraft:leather_boots":1,"minecraft:glass":3,"minecraft:bone":72,"minecraft:acacia_planks":4,"minecraft:bow":5,"minecraft:wheat_seeds":7,"minecraft:mossy_stone_bricks":65,"minecraft:diamond_helmet":1,"minecraft:bamboo":50,"minecraft:oak_planks":35,"biomesoplenty:toadstool":1,"spartanweaponry:iron_saber":1,"minecraft:cooked_porkchop":31,"minecraft:stripped_acacia_wood":1,"iceandfire:dragon_skull_fire":2,"minecraft:sand":15,"minecraft:nether_brick_stairs":2,"minecraft:dark_oak_log":26,"minecraft:mossy_cobblestone":45,"minecraft:bundle":1,"minecraft:diamond":16,"iceandfire:dragon_ice":3,"minecraft:chainmail_helmet":1,"minecraft:spruce_sign":3,"minecraft:netherrack":1,"minecraft:oak_sapling":1,"iceandfire:silver_nugget":28,"minecraft:nether_star":2,"minecraft:diamond_pickaxe":5,"iceandfire:dragon_skull_lightning":1,"minecraft:crafting_table":17,"minecraft:allium":1,"grimoireofgaia:soulfire":2,"minecraft:azure_bluet":3,"iceandfire:witherbone":22,"minecraft:chicken":6,"minecraft:ladder":9,"epicfight:stray_pants":1,"epicfight:stray_hat":1,"bloodandmadness:blood_vial":1,"minecraft:cracked_stone_bricks":32,"minecraft:beef":74,"minecraft:iron_nugget":7,"minecraft:poppy":1,"minecraft:chest":1,"minecraft:egg":1,"minecraft:raw_iron":19,"iceandfire:dragonbone":21,"iceandfire:dragonscales_gray":6,"grimoireofgaia:meat":2,"minecraft:spruce_fence":2,"minecraft:stone_button":7,"minecraft:redstone":1,"minecraft:dark_oak_planks":8,"minecraft:arrow":34,"minecraft:diamond_chestplate":2,"grimoireofgaia:bag_book":2,"minecraft:decorated_pot":1,"minecraft:nether_bricks":2,"bloodandmadness:sanguisteel_nugget":1,"minecraft:stripped_dark_oak_wood":2,"minecraft:mutton":4,"forbidden_arcanus:spawner_scrap":52,"minecraft:white_wool":11,"minecraft:golden_carrot":10,"minecraft:leather":15,"minecraft:red_mushroom":1,"forbidden_arcanus:dark_nether_star":1,"minecraft:oak_log":27,"minecraft:gunpowder":13,"tombstone:voodoo_poppet":2,"biomesoplenty:glowing_moss_carpet":4,"minecraft:stone_bricks":19,"minecraft:kelp":2,"minecraft:iron_ingot":46,"minecraft:stone_pickaxe":1,"minecraft:cooked_chicken":3,"minecraft:stripped_oak_wood":6,"iceandfire:armor_copper_boots":1,"iceandfire:fire_dragon_flesh":4,"forbidden_arcanus:darkstone":11,"netherdungeons:hoglin_leg":27,"minecraft:smooth_basalt":2,"endrem:witch_pupil":1,"iceandfire:ash":20,"minecraft:dandelion":4,"minecraft:gravel":33,"minecraft:birch_stairs":1,"minecraft:spruce_sapling":1,"minecraft:nether_brick_slab":1,"minecraft:spruce_door":1,"minecraft:spider_eye":3,"iceandfire:dragonscales_copper":12,"minecraft:diamond_shovel":1,"minecraft:iron_helmet":4,"minecraft:diamond_axe":1,"minecraft:painting":6,"minecraft:gray_wool":1,"grimoireofgaia:rotten_heart":1,"tombstone:magic_scroll":1,"swampier_swamps:frog_leg":5,"minecraft:coal":291},"minecraft:custom":{"minecraft:interact_with_crafting_table":36,"minecraft:open_barrel":40,"minecraft:eat_cake_slice":2,"minecraft:leave_game":13,"minecraft:time_since_death":28570,"minecraft:damage_resisted":374,"minecraft:sprint_one_cm":2767981,"minecraft:drop":225,"minecraft:play_time":370383,"minecraft:deaths":25,"minecraft:jump":8489,"tombstone:kill_undead_boss":1,"minecraft:walk_on_water_one_cm":37599,"minecraft:interact_with_furnace":81,"minecraft:damage_dealt":59039,"minecraft:crouch_one_cm":231987,"tombstone:undead_killed":145,"minecraft:interact_with_smithing_table":2,"minecraft:interact_with_anvil":2,"minecraft:mob_kills":286,"minecraft:damage_dealt_resisted":6961,"minecraft:climb_one_cm":17433,"minecraft:walk_one_cm":1982129,"minecraft:sneak_time":25934,"minecraft:walk_under_water_one_cm":37929,"minecraft:boat_one_cm":294697,"minecraft:interact_with_lectern":6,"minecraft:interact_with_blast_furnace":10,"minecraft:total_world_time":370383,"tombstone:raider_killed":6,"minecraft:time_since_rest":28281,"minecraft:damage_taken":21030,"minecraft:damage_absorbed":840,"minecraft:swim_one_cm":104814,"minecraft:fly_one_cm":2921752,"minecraft:open_chest":327,"minecraft:fall_one_cm":233450}},"DataVersion":3465}